{
    "resources": [
        {
            "name": ".che/project.json"
        },
        {
            "name": ".gitignore"
        },
        {
            "name": ".project.json"
        },
        {
            "name": "Component-preload.js",
            "merged": true
        },
        {
            "name": "Component.js"
        },
        {
            "name": "Gruntfile.js"
        },
        {
            "name": "assets/aramco_logo.jpg"
        },
        {
            "name": "controller/Home.controller.js"
        },
        {
            "name": "css/style.css"
        },
        {
            "name": "dist"
        },
        {
            "name": "fragments/controllableCost.fragment.xml"
        },
        {
            "name": "fragments/costCenter.fragment.xml"
        },
        {
            "name": "fragments/editEntry.fragment.xml"
        },
        {
            "name": "fragments/executiveSummary.fragment.xml"
        },
        {
            "name": "fragments/mainPage.fragment.xml"
        },
        {
            "name": "fragments/newEntry.fragment.xml"
        },
        {
            "name": "fragments/supportServices.fragment.xml"
        },
        {
            "name": "fragments/tableMaintGen.fragment.xml"
        },
        {
            "name": "fragments/textTable.fragment.xml"
        },
        {
            "name": "fragments/textTableEdit.fragment.xml"
        },
        {
            "name": "fragments/workForce.fragment.xml"
        },
        {
            "name": "i18n/i18n.properties",
            "raw": "i18n/i18n.properties"
        },
        {
            "name": "index.html"
        },
        {
            "name": "manifest.json"
        },
        {
            "name": "model/models.js"
        },
        {
            "name": "neo-app.json"
        },
        {
            "name": "node_modules"
        },
        {
            "name": "package-lock.json"
        },
        {
            "name": "package.json"
        },
        {
            "name": "resources.json",
            "merged": true
        },
        {
            "name": "sap-ui-cachebuster-info.json"
        },
        {
            "name": "services/dashboardService.js"
        },
        {
            "name": "utility/ExcelExport/ControllableCost.js"
        },
        {
            "name": "utility/ExcelExport/Workforce.js"
        },
        {
            "name": "utility/ExportExcelExecSummary.js"
        },
        {
            "name": "view/Home.view.xml"
        }
    ]
}