{
  ".che/project.json": 1638160571828,
  ".gitignore": 1638160571824,
  ".project.json": 1638160571806,
  "Component-preload.js": 1638160599515,
  "Component.js": 1638160571805,
  "Gruntfile.js": 1638160571819,
  "assets/aramco_logo.jpg": 1638160571829,
  "controller/Home.controller.js": 1638160571833,
  "css/style.css": 1638160571849,
  "fragments/controllableCost.fragment.xml": 1638160571838,
  "fragments/costCenter.fragment.xml": 1638160571836,
  "fragments/editEntry.fragment.xml": 1638160571836,
  "fragments/executiveSummary.fragment.xml": 1638160571844,
  "fragments/mainPage.fragment.xml": 1638160571840,
  "fragments/newEntry.fragment.xml": 1638160571841,
  "fragments/supportServices.fragment.xml": 1638160571842,
  "fragments/tableMaintGen.fragment.xml": 1638160571840,
  "fragments/textTable.fragment.xml": 1638160571839,
  "fragments/textTableEdit.fragment.xml": 1638160571845,
  "fragments/workForce.fragment.xml": 1638160571846,
  "i18n/i18n.properties": 1638160571847,
  "index.html": 1638160571809,
  "manifest.json": 1638160571811,
  "model/models.js": 1638160571834,
  "neo-app.json": 1638160571812,
  "package-lock.json": 1638160571821,
  "package.json": 1638160571822,
  "resources.json": 1638160571813,
  "services/dashboardService.js": 1638160571853,
  "utility/ExcelExport/ControllableCost.js": 1638160571857,
  "utility/ExcelExport/Workforce.js": 1638160571856,
  "utility/ExportExcelExecSummary.js": 1638160571851,
  "view/Home.view.xml": 1638160571850
}