<core:FragmentDefinition xmlns:core="sap.ui.core" xmlns:mvc="sap.ui.core.mvc" xmlns="sap.m" xmlns:html="http://www.w3.org/1999/xhtml"
	xmlns:f="sap.f" xmlns:card="sap.f.cards" xmlns:l="sap.ui.layout" xmlns:form="sap.ui.layout.form" xmlns:w="sap.ui.integration.widgets"
	xmlns:viz="sap.viz.ui5.controls" xmlns:viz.feeds="sap.viz.ui5.controls.common.feeds" xmlns:viz.data="sap.viz.ui5.data"
	xmlns:chart="sap.suite.ui.commons" xmlns:grid="sap.ui.layout.cssgrid" xmlns:ui="sap.ui.table"
	xmlns:app="http://schemas.sap.com/sapui5/extension/sap.ui.core.CustomData/1">
	<!--<Text/>-->
	<l:Grid defaultSpan="XL3 L3 M3 S12">
		<l:content>
			<f:Card class="cardClass">
				<f:content>
					<VBox height="125px" class="sapUiSmallMargin">
						<Title class="headerTitle" text="{MainModel>/Data5} {path:'MainModel>/NavHeadertoItem7/results/0/Data5',formatter:'.onCardTitle'}"/>
						<Text/>
						<Toolbar class="toolbarClass">
							<ToolbarSpacer/>
							<VBox>
								<grid:CSSGrid>
									<Title level="H1" textAlign="Center" class="contentBlue"
										text="{path:'MainModel>/NavHeadertoItem7/results/0/Data1',formatter:'.onDecimalFormat'}"/>
								</grid:CSSGrid>
								<grid:CSSGrid>
									<Text textAlign="Center" class="contentLabel contLabelPadding" text="YTD Actual"/>
								</grid:CSSGrid>
							</VBox>
							<ToolbarSpacer/>
						</Toolbar>
						<Toolbar class="toolbarClass">
							<VBox>
								<grid:CSSGrid>
									<Text textAlign="Center" class="contentBlack" text="{path:'MainModel>/NavHeadertoItem7/results/0/Data2',formatter:'.onDecimalFormat'}"/>
								</grid:CSSGrid>
								<grid:CSSGrid>
									<Text textAlign="Center" class="contentLabel contLabelPadding" text="YTD Plan"/>
								</grid:CSSGrid>
							</VBox>
							<ToolbarSpacer/>
							<VBox>
								<grid:CSSGrid>
									<ObjectNumber textAlign="Center" number="{path:'MainModel>/NavHeadertoItem7/results/0/Data3',formatter:'.getAmountFormat_1'}"
										state="{path:'MainModel>/NavHeadertoItem7/results/0/ViewName',formatter:'.getVarState'}"/>
								</grid:CSSGrid>
								<grid:CSSGrid>
									<Text textAlign="Center" class="contentLabel contLabelPadding" text="YTD Var"/>
								</grid:CSSGrid>
							</VBox>
						</Toolbar>
					</VBox>
				</f:content>
			</f:Card>
			<f:Card class="cardClass">
				<f:content>
					<VBox height="125px" class="sapUiSmallMargin">
						<Title class="headerTitle" text="{MainModel>/Data6} {path:'MainModel>/NavHeadertoItem7/results/1/Data5',formatter:'.onCardTitle'}"/>
						<Text/>
						<Toolbar class="toolbarClass">
							<ToolbarSpacer/>
							<VBox>
								<grid:CSSGrid>
									<Title textAlign="Center" level="H1" class="contentBlue"
										text="{path:'MainModel>/NavHeadertoItem7/results/1/Data1',formatter:'.onDecimalFormat'}"/>
								</grid:CSSGrid>
								<grid:CSSGrid>
									<Text textAlign="Center" class="contentLabel contLabelPadding" text="YTD Actual"/>
								</grid:CSSGrid>
							</VBox>
							<ToolbarSpacer/>
						</Toolbar>
						<Toolbar class="toolbarClass">
							<VBox>
								<grid:CSSGrid>
									<Text textAlign="Center" class="contentBlack" text="{path:'MainModel>/NavHeadertoItem7/results/1/Data2',formatter:'.onDecimalFormat'}"/>
								</grid:CSSGrid>
								<grid:CSSGrid>
									<Text textAlign="Center" class="contentLabel contLabelPadding" text="YTD Plan"/>
								</grid:CSSGrid>
							</VBox>
							<ToolbarSpacer/>
							<VBox>
								<grid:CSSGrid>
									<ObjectNumber textAlign="Center" number="{path:'MainModel>/NavHeadertoItem7/results/1/Data3',formatter:'.getAmountFormat_1'}"
										state="{path:'MainModel>/NavHeadertoItem7/results/1/ViewName',formatter:'.getVarState'}"/>
								</grid:CSSGrid>
								<grid:CSSGrid>
									<Text textAlign="Center" class="contentLabel contLabelPadding" text="YTD Var"/>
								</grid:CSSGrid>
							</VBox>
						</Toolbar>
					</VBox>
				</f:content>
			</f:Card>
			<f:Card class="cardClass">
				<f:content>
					<VBox height="125px" class="sapUiSmallMargin">
						<Title class="headerTitle" text="{MainModel>/Data7} {path:'MainModel>/NavHeadertoItem7/results/2/Data5',formatter:'.onCardTitle'}"/>
						<Text/>
						<Toolbar class="toolbarClass">
							<ToolbarSpacer/>
							<VBox>
								<grid:CSSGrid>
									<Title textAlign="Center" level="H1" class="contentBlue"
										text="{path:'MainModel>/NavHeadertoItem7/results/2/Data1',formatter:'.onDecimalFormat'}"/>
								</grid:CSSGrid>
								<grid:CSSGrid>
									<Text textAlign="Center" class="contentLabel contLabelPadding" text="YTD Actual"/>
								</grid:CSSGrid>
							</VBox>
							<ToolbarSpacer/>
						</Toolbar>
						<Toolbar class="toolbarClass">
							<VBox>
								<grid:CSSGrid>
									<Text textAlign="Center" class="contentBlack" text="{path:'MainModel>/NavHeadertoItem7/results/2/Data2',formatter:'.onDecimalFormat'}"/>
								</grid:CSSGrid>
								<grid:CSSGrid>
									<Text textAlign="Center" class="contentLabel contLabelPadding" text="YTD Plan"/>
								</grid:CSSGrid>
							</VBox>
							<ToolbarSpacer/>
							<VBox>
								<grid:CSSGrid>
									<ObjectNumber textAlign="Center" number="{path:'MainModel>/NavHeadertoItem7/results/2/Data3',formatter:'.getAmountFormat_1'}"
										state="{path:'MainModel>/NavHeadertoItem7/results/2/ViewName',formatter:'.getVarState'}"/>
								</grid:CSSGrid>
								<grid:CSSGrid>
									<Text textAlign="Center" class="contentLabel contLabelPadding" text="YTD Var"/>
								</grid:CSSGrid>
							</VBox>
						</Toolbar>
					</VBox>
				</f:content>
			</f:Card>
			<f:Card class="cardClass">
				<f:content>
					<VBox height="125px" class="sapUiSmallMargin">
						<Title class="headerTitle" text="{MainModel>/Data8} {path:'MainModel>/NavHeadertoItem7/results/3/Data5',formatter:'.onCardTitle'}"/>
						<Text/>
						<Toolbar class="toolbarClass">
							<ToolbarSpacer/>
							<VBox>
								<grid:CSSGrid>
									<Title textAlign="Center" level="H1" class="contentBlue"
										text="{path:'MainModel>/NavHeadertoItem7/results/3/Data1',formatter:'.onDecimalFormat'}"/>
								</grid:CSSGrid>
								<grid:CSSGrid>
									<Text textAlign="Center" class="contentLabel contLabelPadding" text="YTD Actual"/>
								</grid:CSSGrid>
							</VBox>
							<ToolbarSpacer/>
						</Toolbar>
						<Toolbar class="toolbarClass">
							<VBox>
								<grid:CSSGrid>
									<Text textAlign="Center" class="contentBlack" text="{path:'MainModel>/NavHeadertoItem7/results/3/Data2',formatter:'.onDecimalFormat'}"/>
								</grid:CSSGrid>
								<grid:CSSGrid>
									<Text textAlign="Center" class="contentLabel contLabelPadding" text="YTD Plan"/>
								</grid:CSSGrid>
							</VBox>
							<ToolbarSpacer/>
							<VBox>
								<grid:CSSGrid>
									<ObjectNumber textAlign="Center" number="{path:'MainModel>/NavHeadertoItem7/results/3/Data3',formatter:'.getAmountFormat_1'}"
										state="{path:'MainModel>/NavHeadertoItem7/results/3/ViewName',formatter:'.getVarState'}"/>
								</grid:CSSGrid>
								<grid:CSSGrid>
									<Text textAlign="Center" class="contentLabel contLabelPadding" text="YTD Var"/>
								</grid:CSSGrid>
							</VBox>
						</Toolbar>
					</VBox>
				</f:content>
			</f:Card>
			

			<f:Card class="cardClass">
				<!--<f:layoutData>
				<f:GridContainerItemLayoutData columns="3"/>
			</f:layoutData>-->
				<f:content>
					<VBox height="125px" class="sapUiSmallMargin">
						<Title class="headerTitle" text="{MainModel>/Data14} {path:'MainModel>/NavHeadertoItem6/results/0/Data1',formatter:'.onCardTitle'}"/>
						<Text/>
						<Toolbar class="toolbarClass">
							<ToolbarSpacer/>
							<VBox>
								<grid:CSSGrid>
									<Title level="H1" textAlign="Center" class="contentBlue"
										text="{path:'MainModel>/NavHeadertoItem6/results/0/Data2',formatter:'.onDecimalFormat'}"/>
								</grid:CSSGrid>
								<grid:CSSGrid>
									<Text textAlign="Center" class="contentLabel contLabelPadding" text="Actual"/>
								</grid:CSSGrid>
							</VBox>
							<ToolbarSpacer/>
						</Toolbar>
						<Toolbar class="toolbarClass">
							<VBox>
								<grid:CSSGrid>
									<Text textAlign="Center" class="contentBlack" text="{path:'MainModel>/NavHeadertoItem6/results/0/Data3',formatter:'.onDecimalFormat'}"/>
								</grid:CSSGrid>
								<grid:CSSGrid>
									<Text textAlign="Center" class="contentLabel contLabelPadding" text="Plan"/>
								</grid:CSSGrid>
							</VBox>
							<ToolbarSpacer/>
							<VBox>
								<grid:CSSGrid>
									<ObjectNumber textAlign="Center" number="{path:'MainModel>/NavHeadertoItem6/results/0/Node',formatter:'.getAmountFormat_1'}"
										state="{path:'MainModel>/NavHeadertoItem6/results/0/Value',formatter:'.getVarState'}"/>
								</grid:CSSGrid>
								<grid:CSSGrid>
									<Text textAlign="Center" class="contentLabel contLabelPadding" text="Var"/>
								</grid:CSSGrid>
							</VBox>
						</Toolbar>
					</VBox>
				</f:content>
			</f:Card>
			<f:Card class="cardClass">
				<!--<f:layoutData>
				<f:GridContainerItemLayoutData columns="3"/>
			</f:layoutData>-->
				<f:content>
					<VBox height="125px" class="sapUiSmallMargin">
						<Title class="headerTitle" text="{MainModel>/Data15} {path:'MainModel>/NavHeadertoItem8/results/0/Data5',formatter:'.onCardTitle'}"/>
						<Text/>
						<Toolbar class="toolbarClass">
							<ToolbarSpacer/>
							<VBox>
								<grid:CSSGrid>
									<Title level="H1" textAlign="Center" class="contentBlue"
										text="{path:'MainModel>/NavHeadertoItem8/results/0/Data1',formatter:'.onDecimalFormat'}"/>
								</grid:CSSGrid>
								<grid:CSSGrid>
									<Text textAlign="Center" class="contentLabel contLabelPadding" text="Actual"/>
								</grid:CSSGrid>
							</VBox>
							<ToolbarSpacer/>
						</Toolbar>
						<Toolbar class="toolbarClass">
							<VBox>
								<grid:CSSGrid>
									<Text textAlign="Center" class="contentBlack" text="{path:'MainModel>/NavHeadertoItem8/results/0/Data2',formatter:'.onDecimalFormat'}"/>
								</grid:CSSGrid>
								<grid:CSSGrid>
									<Text textAlign="Center" class="contentLabel contLabelPadding" text="Plan"/>
								</grid:CSSGrid>
							</VBox>
							<ToolbarSpacer/>
							<VBox>
								<grid:CSSGrid>
									<ObjectNumber textAlign="Center" number="{path:'MainModel>/NavHeadertoItem8/results/0/Data3',formatter:'.getAmountFormat_1'}"
										state="{path:'MainModel>/NavHeadertoItem8/results/0/ViewName',formatter:'.getVarState'}"/>
								</grid:CSSGrid>
								<grid:CSSGrid>
									<Text textAlign="Center" class="contentLabel contLabelPadding" text="Var"/>
								</grid:CSSGrid>
							</VBox>
						</Toolbar>
					</VBox>
				</f:content>
			</f:Card>
			<!--</f:GridContainer>-->
		</l:content>
	</l:Grid>
	<l:Grid hSpacing="1" vSpacing="1" position="Center">
		<l:content>
			<Panel class="sapUiNoContentPadding panelClass" height="320px">
				<chart:ChartContainer class="class-chartcontainer" showZoom="false" showFullScreen="true" showPersonalization="false"
					title="{ccByOrgModel>/title}">
					<!--CONTROLLABLE COST BY ORG-->
					<chart:content>
						<chart:ChartContainerContent icon="sap-icon://line-chart" title="Chart">
							<chart:content>
								<viz:VizFrame class="gridClass" height="270px" width="auto" id="viz_cont_cost_org" uiConfig="{applicationSet:'fiori'}" vizType='column'>
									<viz:dataset>
										<viz.data:FlattenedDataset data="{ccByOrgModel>/NavHeadertoItem1/results}">
											<viz.data:dimensions>
												<viz.data:DimensionDefinition name="Key5" value="{ccByOrgModel>type}"/>
												<viz.data:DimensionDefinition name="Item" value="{ccByOrgModel>legend}"/>
											</viz.data:dimensions>
											<viz.data:measures>
												<viz.data:MeasureDefinition name="Values" value="{ccByOrgModel>value}"/>
											</viz.data:measures>
										</viz.data:FlattenedDataset>
									</viz:dataset>
									<viz:feeds>
										<!--<viz.feeds:FeedItem uid="waterfallType" type="Dimension" values="Key5"/>-->
										<viz.feeds:FeedItem uid="color" type="Dimension" values="Key5"/>
										<viz.feeds:FeedItem uid="valueAxis" type="Measure" values="Values"/>
										<viz.feeds:FeedItem uid="categoryAxis" type="Dimension" values="Item"/>
									</viz:feeds>
								</viz:VizFrame>
							</chart:content>
						</chart:ChartContainerContent>
						<chart:ChartContainerContent icon="sap-icon://table-view" title="Table">
							<chart:content>
								<ui:Table rows="{/Items}" id="id_tablecont_cost_org" visibleRowCount="6" selectionMode="None" enableSelectAll="false" ariaLabelledBy="title">
									<ui:columns>
										<ui:Column width="auto">
											<Label text="Item"/>
											<ui:template>
												<Text text="{Item}"/>
											</ui:template>
										</ui:Column>
										<ui:Column width="auto">
											<grid:CSSGrid>
												<Label textAlign="Center" text="Actual"/>
											</grid:CSSGrid>
											<ui:template>
												<grid:CSSGrid>
													<Text textAlign="Right" text="{path:'Data5',formatter:'.onAmountFormat'}"/>
												</grid:CSSGrid>
											</ui:template>
										</ui:Column>
										<ui:Column width="auto">
											<grid:CSSGrid>
												<Label textAlign="Center" text="Plan"/>
											</grid:CSSGrid>
											<ui:template>
												<grid:CSSGrid>
													<Text textAlign="Right" text="{path:'Data6',formatter:'.onAmountFormat'}"/>
												</grid:CSSGrid>
											</ui:template>
										</ui:Column>
										<ui:Column width="auto">
											<grid:CSSGrid>
												<Label textAlign="Center" text="YTD Actual"/>
											</grid:CSSGrid>
											<ui:template>
												<grid:CSSGrid>
													<Text textAlign="Right" text="{path:'Data1',formatter:'.onAmountFormat'}"/>
												</grid:CSSGrid>
											</ui:template>
										</ui:Column>
										<ui:Column width="auto">
											<grid:CSSGrid>
												<Label textAlign="Center" text="YTD Plan"/>
											</grid:CSSGrid>
											<ui:template>
												<grid:CSSGrid>
													<Text textAlign="Right" text="{path:'Data2',formatter:'.onAmountFormat'}"/>
												</grid:CSSGrid>
											</ui:template>
										</ui:Column>
										<ui:Column width="auto">
											<grid:CSSGrid>
												<Label textAlign="Center" text="YTD Variance"/>
											</grid:CSSGrid>
											<ui:template>
												<grid:CSSGrid>
													<Text textAlign="Right" text="{path:'Data4',formatter:'.onAmountFormatVar'}"/>
												</grid:CSSGrid>
											</ui:template>
										</ui:Column>
										<ui:Column width="auto">
											<grid:CSSGrid>
												<Label textAlign="Center" text="YTD Variance (%)"/>
											</grid:CSSGrid>
											<ui:template>
												<grid:CSSGrid>
													<ObjectNumber number="{path:'Data3',formatter:'.onAmountFormatVar'}" state="{path:'Data3',formatter:'.getColor'}"/>
												</grid:CSSGrid>
											</ui:template>
										</ui:Column>
									</ui:columns>
								</ui:Table>
							</chart:content>
						</chart:ChartContainerContent>
					</chart:content>
					<chart:customIcons>
						<core:Icon src="sap-icon://collections-insight" tooltip="Switch view" app:revenueCustomData="EXEC_DE" press="onTogglePressCCByOrg"/>
						<core:Icon src="sap-icon://excel-attachment" tooltip="Export" app:revenueCustomData="CC_BY_ORG" press="onExport"/>
					</chart:customIcons>
				</chart:ChartContainer>
				<viz:Popover id="id_popover_cont_cost_org"/>
				<layoutData>
					<l:GridData span="XL6 L6 M6 S12"/>
				</layoutData>
			</Panel>
			<Panel class="sapUiNoContentPadding panelClass" height="320px">
				<chart:ChartContainer class="class-chartcontainer" showZoom="false" showFullScreen="true" showPersonalization="false"
					title="{MainModel>/Data10}">
					<!--DIRECT CONTROLLABLE COST BY ORG-->
					<chart:content>
						<chart:ChartContainerContent icon="sap-icon://line-chart" title="Chart">
							<chart:content>
								<viz:VizFrame class="gridClass" height="270px" width="auto" id="id_viz_dir_contr_cost" uiConfig="{applicationSet:'fiori'}"
									vizType='stacked_column'>
									<viz:dataset>
										<viz.data:FlattenedDataset data="{MainModel>/NavHeadertoItem2/results}">
											<viz.data:dimensions>
												<viz.data:DimensionDefinition name="Item" value="{path:'MainModel>Data5',formatter:'.getMonths'}"/>
											</viz.data:dimensions>
											<viz.data:measures>
												<viz.data:MeasureDefinition name="Labour" value="{MainModel>Data1}"/>
												<viz.data:MeasureDefinition name="Material" value="{MainModel>Data2}"/>
												<viz.data:MeasureDefinition name="Services" value="{MainModel>Data3}"/>
												<viz.data:MeasureDefinition name="Power" value="{MainModel>Data4}"/>
												<!--path:'MainModel>Data2',formatter:'.getAmountFormat'<viz.data:MeasureDefinition name="" value="{MainModel>Data5}"/>-->
											</viz.data:measures>
										</viz.data:FlattenedDataset>
									</viz:dataset>
									<viz:feeds>
										<viz.feeds:FeedItem uid="valueAxis" type="Measure" values="Power,Services,Material,Labour"/>
										<!--<viz.feeds:FeedItem uid="valueAxis" type="Measure" values="Actual(Prev Year)"/>-->
										<viz.feeds:FeedItem uid="categoryAxis" type="Dimension" values="Item"/>
									</viz:feeds>
								</viz:VizFrame>
							</chart:content>
						</chart:ChartContainerContent>
						<chart:ChartContainerContent icon="sap-icon://table-view" title="Table">
							<chart:content>
								<ui:Table rows="{MainModel>/NavHeadertoItem2/results}" visibleRowCount="6" selectionMode="None" enableSelectAll="false"
									ariaLabelledBy="title">
									<ui:columns>
										<ui:Column width="auto">
											<Label text="Month"/>
											<ui:template>
												<Text text="{path:'MainModel>Data5',formatter:'.getMonths'}"/>
											</ui:template>
										</ui:Column>
										<ui:Column width="auto">
											<grid:CSSGrid>
												<Label textAlign="Center" text="Labour"/>
											</grid:CSSGrid>
											<ui:template>
												<grid:CSSGrid>
													<Text textAlign="Right" text="{path:'MainModel>Data1',formatter:'.onAmountFormat'}"/>
												</grid:CSSGrid>
											</ui:template>
										</ui:Column>
										<ui:Column width="auto">
											<grid:CSSGrid>
												<Label textAlign="Center" text="Material"/>
											</grid:CSSGrid>
											<ui:template>
												<grid:CSSGrid>
													<Text textAlign="Right" text="{path:'MainModel>Data2',formatter:'.onAmountFormat'}"/>
												</grid:CSSGrid>
											</ui:template>
										</ui:Column>
										<ui:Column width="auto">
											<grid:CSSGrid>
												<Label textAlign="Center" text="Services"/>
											</grid:CSSGrid>
											<ui:template>
												<grid:CSSGrid>
													<Text textAlign="Right" text="{path:'MainModel>Data3',formatter:'.onAmountFormat'}"/>
												</grid:CSSGrid>
											</ui:template>
										</ui:Column>
										<ui:Column width="auto">
											<grid:CSSGrid>
												<Label textAlign="Center" text="Power"/>
											</grid:CSSGrid>
											<ui:template>
												<grid:CSSGrid>
													<Text textAlign="Right" text="{path:'MainModel>Data4',formatter:'.onAmountFormat'}"/>
												</grid:CSSGrid>
											</ui:template>
										</ui:Column>
									</ui:columns>
								</ui:Table>
							</chart:content>
						</chart:ChartContainerContent>
					</chart:content>
					<chart:customIcons>
						<core:Icon src="sap-icon://excel-attachment" tooltip="Export" app:revenueCustomData="CC_D_BY_ORG" press="onExport"/>
					</chart:customIcons>
				</chart:ChartContainer>
				<viz:Popover id="id_popover_dir_cont_cost"/>
				<layoutData>
					<l:GridData span="XL6 L6 M6 S12"/>
				</layoutData>
			</Panel>
			<Panel class="sapUiNoContentPadding panelClass" height="320px">
				<chart:ChartContainer class="class-chartcontainer" showZoom="false" showFullScreen="true" showPersonalization="false"
					title="{overtimeModel>/title}">
					<!--OVER TIME-->
					<chart:content>
						<chart:ChartContainerContent icon="sap-icon://line-chart" title="Chart">
							<chart:content>
								<viz:VizFrame class="gridClass" height="270px" id="id_viz_overtime" width="auto" uiConfig="{applicationSet:'fiori'}" vizType='combination'>
									<viz:dataset>
										<viz.data:FlattenedDataset data="{overtimeModel>/NavHeadertoItem3/results}">
											<viz.data:dimensions>
												<viz.data:DimensionDefinition name="Item" value="{path:'overtimeModel>legend',formatter:'.getMonths'}"/>
												<!--<viz.data:DimensionDefinition name="Key5"
                                value="{MainModel>ViewName}" />-->
											</viz.data:dimensions>
											<viz.data:measures>
												<viz.data:MeasureDefinition name="Actual" value="{overtimeModel>type}"/>
												<viz.data:MeasureDefinition name="Plan" value="{overtimeModel>value}"/>
											</viz.data:measures>
										</viz.data:FlattenedDataset>
									</viz:dataset>
									<viz:feeds>
										<!--<viz.feeds:FeedItem uid="color" type="Measure" values="Item"/>-->
										<viz.feeds:FeedItem uid="valueAxis" type="Measure" values="Actual"/>
										<viz.feeds:FeedItem uid="valueAxis" type="Measure" values="Plan"/>
										<viz.feeds:FeedItem uid="categoryAxis" type="Dimension" values="Item"/>
									</viz:feeds>
								</viz:VizFrame>
							</chart:content>
						</chart:ChartContainerContent>
						<chart:ChartContainerContent icon="sap-icon://table-view" title="Table">
							<chart:content>
								<ui:Table rows="{MainModel>/NavHeadertoItem3/results}" visibleRowCount="6" selectionMode="None" enableSelectAll="false"
									ariaLabelledBy="title">
									<ui:columns>
										<ui:Column width="auto">
											<Label text="Month"/>
											<ui:template>
												<Text text="{path:'MainModel>CostElement',formatter:'.getMonths'}"/>
											</ui:template>
										</ui:Column>
										<ui:Column width="auto">
											<grid:CSSGrid>
												<Label textAlign="Center" text="Actual"/>
											</grid:CSSGrid>
											<ui:template>
												<grid:CSSGrid>
													<Text textAlign="Right" text="{path:'MainModel>Data6',formatter:'.onAmountFormat'}"/>
												</grid:CSSGrid>
											</ui:template>
										</ui:Column>
										<ui:Column width="auto">
											<grid:CSSGrid>
												<Label textAlign="Center" text="Plan"/>
											</grid:CSSGrid>
											<ui:template>
												<grid:CSSGrid>
													<Text textAlign="Right" text="{path:'MainModel>Data7',formatter:'.onAmountFormat'}"/>
												</grid:CSSGrid>
											</ui:template>
										</ui:Column>
										<ui:Column width="auto">
											<grid:CSSGrid>
												<Label textAlign="Center" text="YTD Actual"/>
											</grid:CSSGrid>
											<ui:template>
												<grid:CSSGrid>
													<Text textAlign="Right" text="{path:'MainModel>Component',formatter:'.onAmountFormat'}"/>
												</grid:CSSGrid>
											</ui:template>
										</ui:Column>
										<ui:Column width="auto">
											<grid:CSSGrid>
												<Label textAlign="Center" text="YTD Plan"/>
											</grid:CSSGrid>
											<ui:template>
												<grid:CSSGrid>
													<Text textAlign="Right" text="{path:'MainModel>PlanVal',formatter:'.onAmountFormat'}"/>
												</grid:CSSGrid>
											</ui:template>
										</ui:Column>
										<ui:Column width="auto">
											<grid:CSSGrid>
												<Label textAlign="Center" text="YTD Variance"/>
											</grid:CSSGrid>
											<ui:template>
												<grid:CSSGrid>
													<Text textAlign="Right" text="{ parts: [ {path: 'MainModel>Component'}, {path: 'MainModel>PlanVal'} ], formatter: '.OTVar'}"/>
												</grid:CSSGrid>
											</ui:template>
										</ui:Column>
										<ui:Column width="auto">
											<grid:CSSGrid>
												<Label textAlign="Center" text="YTD Variance (%)"/>
											</grid:CSSGrid>
											<ui:template>
												<grid:CSSGrid>
													<!--<Text textAlign="Right" text="{ parts: [ {path: 'MainModel>Component'}, {path: 'MainModel>PlanVal'} ], formatter: '.OTVarP'}"/>-->
													<ObjectNumber number="{ parts: [ {path: 'MainModel>Component'}, {path: 'MainModel>PlanVal'} ], formatter: '.OTVarP'}"
														state="{ parts: [ {path: 'MainModel>Component'}, {path: 'MainModel>PlanVal'} ], formatter: '.OTVarPColor'}"/>
												</grid:CSSGrid>
											</ui:template>
										</ui:Column>
									</ui:columns>
								</ui:Table>
							</chart:content>
						</chart:ChartContainerContent>
					</chart:content>
					<chart:customIcons>
						<core:Icon src="sap-icon://collections-insight" tooltip="Switch view" app:revenueCustomData="EXEC_DE" press="onTogglePressOverTime"/>
						<core:Icon src="sap-icon://excel-attachment" tooltip="Export" app:revenueCustomData="CC_OV_TIME" press="onExport"/>
					</chart:customIcons>
				</chart:ChartContainer>
				<viz:Popover id="id_popover_overtime"/>
				<layoutData>
					<l:GridData span="XL6 L6 M6 S12"/>
				</layoutData>
			</Panel>
			<Panel class="sapUiNoContentPadding panelClass" height="320px">
				<chart:ChartContainer class="class-chartcontainer" showZoom="false" showFullScreen="true" showPersonalization="false"
					title="{MainModel>/Data12}">
					<!--RECOVERIES TO CAPEX-->
					<chart:content>
						<chart:ChartContainerContent icon="sap-icon://line-chart" title="Chart">
							<chart:content>
								<viz:VizFrame class="gridClass" height="270px" width="auto" id="id_viz_rec_capex" uiConfig="{applicationSet:'fiori'}" vizType='donut'>
									<viz:dataset>
										<viz.data:FlattenedDataset data="{MainModel>/NavHeadertoItem4/results}">
											<viz.data:dimensions>
												<viz.data:DimensionDefinition name="Item" value="{MainModel>CostElement}"/>
											</viz.data:dimensions>
											<viz.data:measures>
												<viz.data:MeasureDefinition name="Values" value="{MainModel>Actual}"/>
											</viz.data:measures>
										</viz.data:FlattenedDataset>
									</viz:dataset>
									<viz:feeds>
										<viz.feeds:FeedItem uid="size" type="Measure" values="Values"/>
										<viz.feeds:FeedItem uid="color" type="Dimension" values="Item"/>
									</viz:feeds>
								</viz:VizFrame>
							</chart:content>
						</chart:ChartContainerContent>
						<chart:ChartContainerContent icon="sap-icon://table-view" title="Table">
							<chart:content>
								<ui:Table rows="{MainModel>/NavHeadertoItem4/results}" visibleRowCount="6" selectionMode="None" enableSelectAll="false"
									ariaLabelledBy="title">
									<ui:columns>
										<ui:Column width="auto">
											<Label text="Item"/>
											<ui:template>
												<Text text="{MainModel>CostElement}"/>
											</ui:template>
										</ui:Column>
										<ui:Column width="auto">
											<grid:CSSGrid>
												<Label textAlign="Center" text="YTD Actual"/>
											</grid:CSSGrid>
											<ui:template>
												<grid:CSSGrid>
													<Text textAlign="Right" text="{path:'MainModel>Actual',formatter:'.onAmountFormat'}"/>
												</grid:CSSGrid>
											</ui:template>
										</ui:Column>
									</ui:columns>
								</ui:Table>
							</chart:content>
						</chart:ChartContainerContent>
					</chart:content>
					<chart:customIcons>
						<core:Icon src="sap-icon://excel-attachment" tooltip="Export" app:revenueCustomData="CC_REC_CAPEX" press="onExport"/>
					</chart:customIcons>
				</chart:ChartContainer>
				<viz:Popover id="id_popover_rec_capex"/>
				<layoutData>
					<l:GridData span="XL3 L3 M3 S12"/>
				</layoutData>
			</Panel>
			<Panel class="sapUiNoContentPadding panelClass" height="320px">
				<chart:ChartContainer class="class-chartcontainer" showZoom="false" showFullScreen="true" showPersonalization="false"
					title="{MainModel>/Data13}">
					<!--SERVICE_INCOME_COST_RECOVERY-->
					<chart:content>
						<chart:ChartContainerContent icon="sap-icon://line-chart" title="Chart">
							<chart:content>
								<viz:VizFrame class="gridClass" height="270px" width="auto" id="id_viz_serv_inc_cost" uiConfig="{applicationSet:'fiori'}" vizType='donut'>
									<viz:dataset>
										<viz.data:FlattenedDataset data="{MainModel>/NavHeadertoItem5/results}">
											<viz.data:dimensions>
												<viz.data:DimensionDefinition name="Item" value="{MainModel>Component}"/>
											</viz.data:dimensions>
											<viz.data:measures>
												<viz.data:MeasureDefinition name="Values" value="{MainModel>Value}"/>
											</viz.data:measures>
										</viz.data:FlattenedDataset>
									</viz:dataset>
									<viz:feeds>
										<viz.feeds:FeedItem uid="size" type="Measure" values="Values"/>
										<viz.feeds:FeedItem uid="color" type="Dimension" values="Item"/>
									</viz:feeds>
								</viz:VizFrame>
							</chart:content>
						</chart:ChartContainerContent>
						<chart:ChartContainerContent icon="sap-icon://table-view" title="Table">
							<chart:content>
								<ui:Table rows="{MainModel>/NavHeadertoItem5/results}" visibleRowCount="6" selectionMode="None" enableSelectAll="false"
									ariaLabelledBy="title">
									<ui:columns>
										<ui:Column width="auto">
											<Label text="Item"/>
											<ui:template>
												<Text text="{MainModel>Component}"/>
											</ui:template>
										</ui:Column>
										<ui:Column width="auto">
											<grid:CSSGrid>
												<Label textAlign="Center" text="YTD Actual"/>
											</grid:CSSGrid>
											<ui:template>
												<grid:CSSGrid>
													<Text textAlign="Right" text="{path:'MainModel>Value',formatter:'.onAmountFormat'}"/>
												</grid:CSSGrid>
											</ui:template>
										</ui:Column>
									</ui:columns>
								</ui:Table>
							</chart:content>
						</chart:ChartContainerContent>
					</chart:content>
					<chart:customIcons>
						<core:Icon src="sap-icon://excel-attachment" tooltip="Export" app:revenueCustomData="CC_SERV_INC" press="onExport"/>
					</chart:customIcons>
				</chart:ChartContainer>
				<viz:Popover id="id_popover_serv_inc_cost"/>
				<layoutData>
					<l:GridData span="XL3 L3 M3 S12"/>
				</layoutData>
			</Panel>
		</l:content>
	</l:Grid>
</core:FragmentDefinition>