<core:FragmentDefinition xmlns="sap.m" xmlns:core="sap.ui.core" xmlns:l="sap.ui.layout"
	xmlns:custom="http://schemas.sap.com/sapui5/extension/sap.ui.core.CustomData/1" xmlns:f="sap.ui.layout.form">
	<Dialog xmlns="sap.m" id="id_costcenterDialog" xmlns:mvc="sap.ui.core.mvc" contentHeight="50%" contentWidth="50%" class="sapUiSizeCompact">
		<customHeader>
			<Bar>
				<contentLeft>
					<Title level="H2" tooltip="Select Cost Center" text="Select Cost Center"/>
				</contentLeft>
			</Bar>
		</customHeader>
		<f:SimpleForm class="sapUiNoContentPadding" editable="true" layout="ResponsiveGridLayout" labelSpanXL="2" labelSpanL="2" labelSpanM="2"
			labelSpanS="2" adjustLabelSpan="false" emptySpanXL="2" emptySpanL="2" emptySpanM="2" emptySpanS="2" columnsXL="1" columnsL="1" columnsM="1"
			singleContainerFullSize="true">
			<f:content>
				<Label text="Value"/>
				<Input id="id_selected_cc"/>
				<Label/>
				<SearchField search="onCCSearch" liveChange="onCCSearch"/>
				<Label/>
				<ScrollContainer vertical="true" horizontal="false" height="18rem" focusable="true">
					<Tree id="tree" items="{path:'/Items', parameters : {arrayNames:['children']}}" mode="SingleSelectMaster" selectionChange="onSelectCC">
						<items>
							<StandardTreeItem title="{text} ({costcentre_1})" tooltip="{text} ({costcentre_1})" wrapping="true" titleStyle="H6" class="itemHover"></StandardTreeItem>
						</items>
					</Tree>
				</ScrollContainer>
			</f:content>
		</f:SimpleForm>
		<!--<Toolbar>
			<ToolbarSpacer/>
			<ToolbarSpacer/>
			<ToolbarSpacer/>
			<ToolbarSpacer/>
		</Toolbar>-->
		<beginButton>
			<!--<Button text="Apply" press=".onExecutePress" tooltip="Save"/>-->
			<Button text="OK" press=".onOKPress" tooltip="OK"/>
		</beginButton>
		<endButton>
			<Button text="Close" press=".closeCCDialog" tooltip="close"/>
		</endButton>
	</Dialog>
</core:FragmentDefinition>