<core:FragmentDefinition xmlns="sap.m" xmlns:core="sap.ui.core" xmlns:l="sap.ui.layout"
	xmlns:custom="http://schemas.sap.com/sapui5/extension/sap.ui.core.CustomData/1" xmlns:f="sap.ui.layout.form">
	<Dialog xmlns="sap.m" id="id_edit_frag" xmlns:mvc="sap.ui.core.mvc" contentHeight="50%" contentWidth="50%" class="sapUiSizeCompact">
		<customHeader>
			<Bar>
				<contentLeft>
					<Title level="H2" tooltip="Edit" text="Edit"/>
				</contentLeft>
			</Bar>
		</customHeader>
		<f:SimpleForm editable="true" layout="ResponsiveGridLayout" labelSpanXL="3" labelSpanL="3" labelSpanM="3" labelSpanS="3"
			adjustLabelSpan="false" emptySpanXL="2" emptySpanL="2" emptySpanM="2" emptySpanS="2" columnsXL="2" columnsL="1" columnsM="1"
			singleContainerFullSize="true">
			<f:content>
				<Label required="true" text="S.No"/>
				<Input value="{/Zsno}" editable="false"/>
				<Label required="true" text="Table Type"/>
				<Input value="{/Type}" editable="false"/>
				<Label required="true" text="Type"/>
				<Select editable="false" forceSelection="false" selectedKey="{/Zview}" change="onTypeChange">
					<core:Item key="EXEC_SUMMARY" text="Executive Summary"/>
					<core:Item key="CONT_COST" text="Controllable Cost"/>
					<core:Item key="WORKFORCE" text="Workforce"/>
					<core:Item key="SUPPORT_SRV" text="Support Services"/>
				</Select>
				<Label required="true" text="Cost Element Category"/>
				<Select id="id_cost_elm_cat" selectedKey="{/Zcecate}" forceSelection="false">
					<core:Item key="E" text="E"/>
					<core:Item key="I" text="I"/>
				</Select>
				<Label required="true" text="Component Id"/>
				<!--<Select forceSelection="false" items="{SubTypes>/Items}" >
				<core:Item key="{SubTypes>Key}" text="{SubTypes>Text}"/>
			</Select>-->
				<Input value="{/Zcomponent}" editable="false"/>
				<!--<Label text="Component (Text)"/>
				<Input value="{/ZcompText}"/>-->
				<Label text="Cost Element"/>
				<Input value="{/Zcocelgr}"/>
				<Label text="Cost Element (Text)"/>
				<Input value="{/ZcosteleText}"/>
				<Label text="Sub.Sort Order"/>
				<Input value="{/Zsub_sort}"/>
				<Label text="Created By"/>
				<Input value="{/ZcrUser}" editable="false"/>
				<Label text="Created On"/>
				<!--<Input value="{/ZcrDate}" editable="false"/>-->
				<DatePicker value="{/ZcrDate}" editable="false"/>
				<Label text="Changed By"/>
				<Input value="{/ZchUser}" editable="false"/>
				<Label text="Changed On"/>
				<!--<Input value="{/ZchDate}" editable="false"/>-->
				<DatePicker value="{/ZchDate}" editable="false"/>
			</f:content>
		</f:SimpleForm>
		<buttons>
			<Button text="Delete" press=".onDeleteEntry" tooltip="delete"/>
			<Button text="Save" press=".onSaveEditEntry" tooltip="save"/>
			<Button text="Close" press=".onCloseEntry" tooltip="close"/>
		</buttons>
	</Dialog>
</core:FragmentDefinition>