<core:FragmentDefinition xmlns:core="sap.ui.core" xmlns:mvc="sap.ui.core.mvc" xmlns="sap.m" xmlns:html="http://www.w3.org/1999/xhtml"
	xmlns:f="sap.f" xmlns:card="sap.f.cards" xmlns:l="sap.ui.layout" xmlns:form="sap.ui.layout.form" xmlns:w="sap.ui.integration.widgets"
	xmlns:viz="sap.viz.ui5.controls" xmlns:viz.feeds="sap.viz.ui5.controls.common.feeds" xmlns:viz.data="sap.viz.ui5.data"
	xmlns:chart="sap.suite.ui.commons" xmlns:grid="sap.ui.layout.cssgrid" xmlns:ui="sap.ui.table"
	xmlns:app="http://schemas.sap.com/sapui5/extension/sap.ui.core.CustomData/1">
	<l:Grid defaultSpan="XL3 L3 M6 S12">
		<l:content>
			<f:Card class="cardClass">
				<f:content>
					<VBox height="125px" class="sapUiSmallMargin">
						<Title class="headerTitle" text="{MainModel>/Data5} {path:'MainModel>/NavHeadertoItem1/results/0/CostElement',formatter:'.onCardTitle'}"/>
						<Text/>
						<Toolbar class="toolbarClass">
							<ToolbarSpacer/>
							<VBox>
								<grid:CSSGrid>
									<Title textAlign="Center" level="H1" class="contentBlue"
										text="{path:'MainModel>/NavHeadertoItem1/results/0/Actual',formatter:'.onDecimalFormat'}"/>
								</grid:CSSGrid>
								<grid:CSSGrid>
									<Text textAlign="Center" class="contentLabel contLabelPadding" text="YTD Actual"/>
								</grid:CSSGrid>
							</VBox>
							<ToolbarSpacer/>
						</Toolbar>
						<Toolbar class="toolbarClass">
							<VBox>
								<grid:CSSGrid>
									<Text textAlign="Center" class="contentBlack" text="{path:'MainModel>/NavHeadertoItem1/results/0/PlanVal',formatter:'.onDecimalFormat'}"/>
								</grid:CSSGrid>
								<grid:CSSGrid>
									<Text textAlign="Center" class="contentLabel contLabelPadding" text="YTD Plan"/>
								</grid:CSSGrid>
							</VBox>
							<ToolbarSpacer/>
							<VBox>
								<grid:CSSGrid>
									<ObjectNumber textAlign="Center" number="{path:'MainModel>/NavHeadertoItem1/results/0/Variance',formatter:'.getAmountFormat_1'}"
										state="{path:'MainModel>/NavHeadertoItem1/results/0/ViewName',formatter:'.getVarState'}"/>
								</grid:CSSGrid>
								<grid:CSSGrid>
									<Text textAlign="Center" class="contentLabel contLabelPadding" text="YTD Var"/>
								</grid:CSSGrid>
							</VBox>
						</Toolbar>
					</VBox>
					<!--<VBox height="125px" class="sapUiSmallMargin">
					
				</VBox>-->
				</f:content>
			</f:Card>
			<f:Card class="cardClass">
				<f:content>
					<VBox height="125px" class="sapUiSmallMargin">
						<Title class="headerTitle" text="{MainModel>/Data6} {path:'MainModel>/NavHeadertoItem1/results/1/CostElement',formatter:'.onCardTitle'}"/>
						<Text/>
						<Toolbar class="toolbarClass">
							<ToolbarSpacer/>
							<VBox>
								<grid:CSSGrid>
									<Title textAlign="Center" level="H1" class="contentBlue"
										text="{path:'MainModel>/NavHeadertoItem1/results/1/Actual',formatter:'.onDecimalFormat'}"/>
								</grid:CSSGrid>
								<grid:CSSGrid>
									<Text textAlign="Center" class="contentLabel contLabelPadding" text="YTD Actual"/>
								</grid:CSSGrid>
							</VBox>
							<ToolbarSpacer/>
						</Toolbar>
						<Toolbar class="toolbarClass">
							<VBox>
								<grid:CSSGrid>
									<Text textAlign="Center" class="contentBlack" text="{path:'MainModel>/NavHeadertoItem1/results/1/PlanVal',formatter:'.onDecimalFormat'}"/>
								</grid:CSSGrid>
								<grid:CSSGrid>
									<Text textAlign="Center" class="contentLabel contLabelPadding" text="YTD Plan"/>
								</grid:CSSGrid>
							</VBox>
							<ToolbarSpacer/>
							<VBox>
								<grid:CSSGrid>
									<ObjectNumber textAlign="Center" number="{path:'MainModel>/NavHeadertoItem1/results/1/Variance',formatter:'.getAmountFormat_1'}"
										state="{path:'MainModel>/NavHeadertoItem1/results/1/ViewName',formatter:'.getVarState'}"/>
								</grid:CSSGrid>
								<grid:CSSGrid>
									<Text textAlign="Center" class="contentLabel contLabelPadding" text="YTD Var"/>
								</grid:CSSGrid>
							</VBox>
						</Toolbar>
					</VBox>
				</f:content>
			</f:Card>
			<f:Card class="cardClass">
				<f:content>
					<VBox height="125px" class="sapUiSmallMargin">
						<Title class="headerTitle" text="{MainModel>/Data7} {path:'MainModel>/NavHeadertoItem1/results/2/CostElement',formatter:'.onCardTitle'}"/>
						<Text/>
						<Toolbar class="toolbarClass">
							<ToolbarSpacer/>
							<VBox>
								<grid:CSSGrid>
									<Title textAlign="Center" level="H1" class="contentBlue"
										text="{path:'MainModel>/NavHeadertoItem1/results/2/Actual',formatter:'.onDecimalFormat'}"/>
								</grid:CSSGrid>
								<grid:CSSGrid>
									<Text textAlign="Center" class="contentLabel contLabelPadding" text="YTD Actual"/>
								</grid:CSSGrid>
							</VBox>
							<ToolbarSpacer/>
						</Toolbar>
						<Toolbar class="toolbarClass">
							<VBox>
								<grid:CSSGrid>
									<Text textAlign="Center" class="contentBlack" text="{path:'MainModel>/NavHeadertoItem1/results/2/PlanVal',formatter:'.onDecimalFormat'}"/>
								</grid:CSSGrid>
								<grid:CSSGrid>
									<Text textAlign="Center" class="contentLabel contLabelPadding" text="YTD Plan"/>
								</grid:CSSGrid>
							</VBox>
							<ToolbarSpacer/>
							<VBox>
								<grid:CSSGrid>
									<ObjectNumber textAlign="Center" number="{path:'MainModel>/NavHeadertoItem1/results/2/Variance',formatter:'.getAmountFormat_1'}"
										state="{path:'MainModel>/NavHeadertoItem1/results/2/ViewName',formatter:'.getVarState'}"/>
								</grid:CSSGrid>
								<grid:CSSGrid>
									<Text textAlign="Center" class="contentLabel contLabelPadding" text="YTD Var"/>
								</grid:CSSGrid>
							</VBox>
						</Toolbar>
					</VBox>
				</f:content>
			</f:Card>
			<f:Card class="cardClass">
				<f:content>
					<VBox height="125px" class="sapUiSmallMargin">
						<Title class="headerTitle" text="{MainModel>/Data8} {path:'MainModel>/NavHeadertoItem1/results/3/CostElement',formatter:'.onCardTitle'}"/>
						<Text/>
						<Toolbar class="toolbarClass">
							<ToolbarSpacer/>
							<VBox>
								<grid:CSSGrid>
									<Title textAlign="Center" level="H1" class="contentBlue"
										text="{path:'MainModel>/NavHeadertoItem1/results/3/Actual',formatter:'.onDecimalFormat'}"/>
								</grid:CSSGrid>
								<grid:CSSGrid>
									<Text textAlign="Center" class="contentLabel contLabelPadding" text="YTD Actual"/>
								</grid:CSSGrid>
							</VBox>
							<ToolbarSpacer/>
						</Toolbar>
						<Toolbar class="toolbarClass">
							<VBox>
								<grid:CSSGrid>
									<Text textAlign="Center" class="contentBlack" text="{path:'MainModel>/NavHeadertoItem1/results/3/PlanVal',formatter:'.onDecimalFormat'}"/>
								</grid:CSSGrid>
								<grid:CSSGrid>
									<Text textAlign="Center" class="contentLabel contLabelPadding" text="YTD Plan"/>
								</grid:CSSGrid>
							</VBox>
							<ToolbarSpacer/>
							<VBox>
								<grid:CSSGrid>
									<ObjectNumber textAlign="Center" number="{path:'MainModel>/NavHeadertoItem1/results/3/Variance',formatter:'.getAmountFormat_1'}"
										state="{path:'MainModel>/NavHeadertoItem1/results/3/ViewName',formatter:'.getVarState'}"/>
								</grid:CSSGrid>
								<grid:CSSGrid>
									<Text textAlign="Center" class="contentLabel contLabelPadding" text="YTD Var"/>
								</grid:CSSGrid>
							</VBox>
						</Toolbar>
					</VBox>
				</f:content>
			</f:Card>
			<!--</f:GridContainer>-->
		</l:content>
	</l:Grid>
	<!--<l:Grid id="gridHeader" defaultSpan="XL6 L6 M6 S12">-->
	<l:Grid id="gridHeader" hSpacing="1" vSpacing="1" position="Center">
		<l:content>
			<Panel class="sapUiNoContentPadding panelClass" height="320px">
				<chart:ChartContainer class="class-chartcontainer" showZoom="false" showFullScreen="true" showPersonalization="false"
					title="{executiveDirModel>/title}">
					<chart:content>
						<chart:ChartContainerContent icon="sap-icon://line-chart" title="Chart">
							<chart:content>
								<viz:VizFrame class="gridClass" height="270px" width="auto" id="viz_water_fall" uiConfig="{applicationSet:'fiori'}" vizType='column'>
									<viz:dataset>
										<viz.data:FlattenedDataset data="{executiveDirModel>/NavHeadertoItem2/results}">
											<viz.data:dimensions>
												<viz.data:DimensionDefinition name="Key5" value="{executiveDirModel>type}"/>
												<viz.data:DimensionDefinition name="Item" value="{executiveDirModel>legend}"/>
											</viz.data:dimensions>
											<viz.data:measures>
												<viz.data:MeasureDefinition name="Values" value="{executiveDirModel>value}"/>
											</viz.data:measures>
										</viz.data:FlattenedDataset>
									</viz:dataset>
									<viz:feeds>
										<!--<viz.feeds:FeedItem uid="waterfallType" type="Dimension" values="Key5"/>-->
										<viz.feeds:FeedItem uid="color" type="Dimension" values="Key5"/>
										<viz.feeds:FeedItem uid="valueAxis" type="Measure" values="Values"/>
										<viz.feeds:FeedItem uid="categoryAxis" type="Dimension" values="Item"/>
									</viz:feeds>
								</viz:VizFrame>
							</chart:content>
						</chart:ChartContainerContent>
						<chart:ChartContainerContent icon="sap-icon://table-view" title="Table">
							<chart:content>
								<ui:Table rows="{/Items}" id="id_table_water_fall" visibleRowCount="6" selectionMode="None" enableSelectAll="false" ariaLabelledBy="title">
									<ui:columns>
										<ui:Column width="auto">
											<Label text="Item"/>
											<ui:template>
												<Text text="{Item}"/>
											</ui:template>
										</ui:Column>
										<ui:Column width="auto">
											<grid:CSSGrid>
												<Label textAlign="Center" text="Actual"/>
											</grid:CSSGrid>
											<ui:template>
												<grid:CSSGrid>
													<Text textAlign="Right" text="{path:'Data5',formatter:'.onAmountFormat'}"/>
												</grid:CSSGrid>
											</ui:template>
										</ui:Column>
										<ui:Column width="auto">
											<grid:CSSGrid>
												<Label textAlign="Center" text="Plan"/>
											</grid:CSSGrid>
											<ui:template>
												<grid:CSSGrid>
													<Text textAlign="Right" text="{path:'Data6',formatter:'.onAmountFormat'}"/>
												</grid:CSSGrid>
											</ui:template>
										</ui:Column>
										<ui:Column width="auto">
											<grid:CSSGrid>
												<Label textAlign="Center" text="YTD Actual"/>
											</grid:CSSGrid>
											<ui:template>
												<grid:CSSGrid>
													<Text textAlign="Right" text="{path:'Data1',formatter:'.onAmountFormat'}"/>
												</grid:CSSGrid>
											</ui:template>
										</ui:Column>
										<ui:Column width="auto">
											<grid:CSSGrid>
												<Label textAlign="Center" text="YTD Plan"/>
											</grid:CSSGrid>
											<ui:template>
												<grid:CSSGrid>
													<Text textAlign="Right" text="{path:'Data2',formatter:'.onAmountFormat'}"/>
												</grid:CSSGrid>
											</ui:template>
										</ui:Column>
										<ui:Column width="auto">
											<grid:CSSGrid>
												<Label textAlign="Center" text="YTD Variance"/>
											</grid:CSSGrid>
											<ui:template>
												<grid:CSSGrid>
													<Text textAlign="Right" text="{path:'Data4',formatter:'.onAmountFormatVar'}"/>
												</grid:CSSGrid>
											</ui:template>
										</ui:Column>
										<ui:Column width="auto">
											<grid:CSSGrid>
												<Label textAlign="Center" text="YTD Variance (%)"/>
											</grid:CSSGrid>
											<ui:template>
												<grid:CSSGrid>
													<ObjectNumber number="{path:'Data3',formatter:'.onAmountFormatVar'}" state="{path:'Data3',formatter:'.getColor'}"/>
												</grid:CSSGrid>
											</ui:template>
										</ui:Column>
									</ui:columns>
								</ui:Table>
							</chart:content>
						</chart:ChartContainerContent>
					</chart:content>
					<chart:customIcons>
						<core:Icon src="sap-icon://collections-insight" tooltip="Switch view" app:revenueCustomData="EXEC_DE" press="onTogglePressExeSum"/>
						<core:Icon src="sap-icon://excel-attachment" tooltip="Export" app:revenueCustomData="EXEC_DE" press="onExport"/>
					</chart:customIcons>
				</chart:ChartContainer>
				<viz:Popover id="id_popover_water_fall"/>
				<layoutData>
					<l:GridData span="XL6 L6 M6 S12"/>
				</layoutData>
			</Panel>
			<Panel class="sapUiNoContentPadding panelClass" height="320px">
				<chart:ChartContainer class="class-chartcontainer" showZoom="false" showFullScreen="true" showPersonalization="false"
					title="{ccModel>/title}">
					<chart:content>
						<chart:ChartContainerContent icon="sap-icon://line-chart" title="Chart">
							<chart:content>
								<viz:VizFrame class="gridClass" height="270px" width="auto" id="id_contr_cost" uiConfig="{applicationSet:'fiori'}" vizType='combination'>
									<viz:dataset>
										<viz.data:FlattenedDataset data="{ccModel>/NavHeadertoItem4/results}">
											<viz.data:dimensions>
												<viz.data:DimensionDefinition name="Item" value="{ccModel>legend}"/>
											</viz.data:dimensions>
											<viz.data:measures>
												<viz.data:MeasureDefinition name="Prev Year" value="{ccModel>type}"/>
												<viz.data:MeasureDefinition name="Current Year" value="{ccModel>value}"/>
											</viz.data:measures>
										</viz.data:FlattenedDataset>
									</viz:dataset>
									<viz:feeds>
										<!--<viz.feeds:FeedItem uid="color" type="Measure" values="Item"/>-->
										<viz.feeds:FeedItem uid="valueAxis" type="Measure" values="Prev Year"/>
										<viz.feeds:FeedItem uid="valueAxis" type="Measure" values="Current Year"/>
										<viz.feeds:FeedItem uid="categoryAxis" type="Dimension" values="Item"/>
									</viz:feeds>
								</viz:VizFrame>
							</chart:content>
						</chart:ChartContainerContent>
						<chart:ChartContainerContent icon="sap-icon://table-view" title="Table">
							<chart:content>
								<ui:Table rows="{MainModel>/NavHeadertoItem4/results}" visibleRowCount="6" selectionMode="None" enableSelectAll="false"
									ariaLabelledBy="title">
									<ui:columns>
										<ui:Column width="auto">
											<Label text="Month"/>
											<ui:template>
												<Text text="{MainModel>Actual}"/>
											</ui:template>
										</ui:Column>
										<ui:Column width="auto">
											<grid:CSSGrid>
												<Label textAlign="Center" text="Actual(Prev Year)"/>
											</grid:CSSGrid>
											<ui:template>
												<grid:CSSGrid>
													<Text textAlign="Right" text="{path:'MainModel>Data2',formatter:'.onAmountFormat'}"/>
												</grid:CSSGrid>
											</ui:template>
										</ui:Column>
										<ui:Column width="auto">
											<grid:CSSGrid>
												<Label textAlign="Center" text="Actual(Current Year)"/>
											</grid:CSSGrid>
											<ui:template>
												<grid:CSSGrid>
													<Text textAlign="Right" text="{path:'MainModel>Data3',formatter:'.onAmountFormat'}"/>
												</grid:CSSGrid>
											</ui:template>
										</ui:Column>
										<ui:Column width="auto">
											<grid:CSSGrid>
												<Label textAlign="Center" text="YTD(Prev Year)"/>
											</grid:CSSGrid>
											<ui:template>
												<grid:CSSGrid>
													<Text textAlign="Right" text="{path:'MainModel>CostElement',formatter:'.onAmountFormat'}"/>
												</grid:CSSGrid>
											</ui:template>
										</ui:Column>
										<ui:Column width="auto">
											<grid:CSSGrid>
												<Label textAlign="Center" text="YTD(Current Year)"/>
											</grid:CSSGrid>
											<ui:template>
												<grid:CSSGrid>
													<Text textAlign="Right" text="{path:'MainModel>Period',formatter:'.onAmountFormat'}"/>
												</grid:CSSGrid>
											</ui:template>
										</ui:Column>
									</ui:columns>
								</ui:Table>
							</chart:content>
						</chart:ChartContainerContent>
					</chart:content>
					<chart:customIcons>
						<core:Icon src="sap-icon://collections-insight" tooltip="Switch view" app:revenueCustomData="EXEC_DE" press="onTogglePressCC"/>
						<core:Icon src="sap-icon://excel-attachment" tooltip="Export" app:revenueCustomData="EXEC_CC" press="onExport"/>
					</chart:customIcons>
				</chart:ChartContainer>
				<viz:Popover id="id_popover_contr_cost"/>
				<layoutData>
					<l:GridData span="XL6 L6 M6 S12"/>
				</layoutData>
			</Panel >
			<Panel class="sapUiNoContentPadding panelClass" height="320px">
				<chart:ChartContainer class="class-chartcontainer" showZoom="false" showFullScreen="true" showPersonalization="false"
					title="{MainModel>/Data11}">
					<chart:content>
						<chart:ChartContainerContent icon="sap-icon://line-chart" title="Chart">
							<chart:content>
								<viz:VizFrame class="gridClass" height="270px" width="auto" id="id_support_serv" uiConfig="{applicationSet:'fiori'}" vizType='treemap'>
									<viz:dataset>
										<viz.data:FlattenedDataset data="{MainModel>/NavHeadertoItem3/results}">
											<viz.data:dimensions>
												<viz.data:DimensionDefinition name="Item" value="{MainModel>Component}"/>
												<!--<viz.data:DimensionDefinition name="Key5"
                                value="{MainModel>ViewName}" />-->
											</viz.data:dimensions>
											<viz.data:measures>
												<viz.data:MeasureDefinition name="Values" value="{MainModel>PlanVal}"/>
												<!--<viz.data:MeasureDefinition name="Cost"
                                value="{MainModel>Cost}" />-->
											</viz.data:measures>
										</viz.data:FlattenedDataset>
									</viz:dataset>
									<viz:feeds>
										<viz.feeds:FeedItem uid="color" type="Measure" values="Values"/>
										<viz.feeds:FeedItem uid="weight" type="Measure" values="Values"/>
										<viz.feeds:FeedItem uid="title" type="Dimension" values="Item"/>
										<!--<viz.feeds:FeedItem uid="title" type="Dimension"
                        values="Key5" />-->
									</viz:feeds>
								</viz:VizFrame>
							</chart:content>
						</chart:ChartContainerContent>
						<chart:ChartContainerContent icon="sap-icon://table-view" title="Table">
							<chart:content>
								<ui:Table rows="{MainModel>/NavHeadertoItem3/results}" visibleRowCount="6" selectionMode="None" enableSelectAll="false"
									ariaLabelledBy="title">
									<ui:columns>
										<ui:Column width="auto">
											<Label text="Item"/>
											<ui:template>
												<Text text="{MainModel>Component}"/>
											</ui:template>
										</ui:Column>
										<ui:Column width="auto">
											<grid:CSSGrid>
												<Label textAlign="Center" text="YTD Actual"/>
											</grid:CSSGrid>
											<ui:template>
												<grid:CSSGrid>
													<Text textAlign="Right" text="{path:'MainModel>PlanVal',formatter:'.onAmountFormat'}"/>
												</grid:CSSGrid>
											</ui:template>
										</ui:Column>
									</ui:columns>
								</ui:Table>
							</chart:content>
						</chart:ChartContainerContent>
					</chart:content>
					<chart:customIcons>
						<core:Icon src="sap-icon://excel-attachment" tooltip="Export" app:revenueCustomData="EXEC_SUP_SERV" press="onExport"/>
					</chart:customIcons>
				</chart:ChartContainer>
				<viz:Popover id="id_popover_support"/>
				<layoutData>
					<l:GridData span="XL6 L6 M6 S12"/>
				</layoutData>
			</Panel>
			<Panel class="sapUiNoContentPadding panelClass" height="320px">
				<chart:ChartContainer class="class-chartcontainer" showZoom="false" showFullScreen="true" showPersonalization="false"
					title="{MainModel>/Data12}">
					<!--COST BY ORG-->
					<chart:content>
						<chart:ChartContainerContent icon="sap-icon://line-chart" title="Chart">
							<chart:content>
								<viz:VizFrame class="gridClass" height="270px" width="auto" id="id_cost_by_org" uiConfig="{applicationSet:'fiori'}" vizType='donut'>
									<viz:dataset>
										<viz.data:FlattenedDataset data="{CostByORg>/Items}">
											<viz.data:dimensions>
												<viz.data:DimensionDefinition name="Item" value="{CostByORg>Node}"/>
											</viz.data:dimensions>
											<viz.data:measures>
												<viz.data:MeasureDefinition name="Values" value="{CostByORg>Value}"/>
											</viz.data:measures>
										</viz.data:FlattenedDataset>
									</viz:dataset>
									<viz:feeds>
										<viz.feeds:FeedItem uid="size" type="Measure" values="Values"/>
										<viz.feeds:FeedItem uid="color" type="Dimension" values="Item"/>
									</viz:feeds>
								</viz:VizFrame>
							</chart:content>
						</chart:ChartContainerContent>
						<chart:ChartContainerContent icon="sap-icon://table-view" title="Table">
							<chart:content>
								<ui:Table rows="{CostByORg>/Items}" visibleRowCount="6" selectionMode="None" enableSelectAll="false" ariaLabelledBy="title">
									<ui:columns>
										<ui:Column width="auto">
											<Label text="Item"/>
											<ui:template>
												<Text text="{CostByORg>Node}"/>
											</ui:template>
										</ui:Column>
										<ui:Column width="auto">
											<grid:CSSGrid>
												<Label textAlign="Center" text="YTD Actual"/>
											</grid:CSSGrid>
											<ui:template>
												<grid:CSSGrid>
													<Text textAlign="Right" text="{path:'CostByORg>Value',formatter:'.onAmountFormat'}"/>
												</grid:CSSGrid>
											</ui:template>
										</ui:Column>
									</ui:columns>
								</ui:Table>
							</chart:content>
						</chart:ChartContainerContent>
					</chart:content>
					<chart:customIcons>
						<core:Icon src="sap-icon://excel-attachment" tooltip="Export" app:revenueCustomData="EXEC_CST_ORG" press="onExport"/>
					</chart:customIcons>
				</chart:ChartContainer>
				<viz:Popover id="id_popover_cost_by_org"/>
				<layoutData>
					<l:GridData span="XL3 L3 M3 S12"/>
				</layoutData>
			</Panel>
			<Panel class="sapUiNoContentPadding panelClass" height="320px">
				<chart:ChartContainer class="class-chartcontainer" showZoom="false" showFullScreen="true" showPersonalization="false"
					title="{MainModel>/Data13}">
					<!--WORKFORCE BY ORG-->
					<chart:content>
						<chart:ChartContainerContent icon="sap-icon://line-chart" title="Chart">
							<chart:content>
								<viz:VizFrame class="gridClass" height="270px" width="auto" id="id_work_by_org" uiConfig="{applicationSet:'fiori'}" vizType='donut'>
									<viz:dataset>
										<viz.data:FlattenedDataset data="{MainModel>/NavHeadertoItem6/results}">
											<viz.data:dimensions>
												<viz.data:DimensionDefinition name="Item" value="{MainModel>Node}"/>
											</viz.data:dimensions>
											<viz.data:measures>
												<viz.data:MeasureDefinition name="Values" value="{MainModel>Value}"/>
											</viz.data:measures>
										</viz.data:FlattenedDataset>
									</viz:dataset>
									<viz:feeds>
										<viz.feeds:FeedItem uid="size" type="Measure" values="Values"/>
										<viz.feeds:FeedItem uid="color" type="Dimension" values="Item"/>
									</viz:feeds>
								</viz:VizFrame>
							</chart:content>
						</chart:ChartContainerContent>
						<chart:ChartContainerContent icon="sap-icon://table-view" title="Table">
							<chart:content>
								<ui:Table rows="{MainModel>/NavHeadertoItem6/results}" visibleRowCount="6" selectionMode="None" enableSelectAll="false"
									ariaLabelledBy="title">
									<ui:columns>
										<ui:Column width="auto">
											<Label text="Item"/>
											<ui:template>
												<Text text="{MainModel>Node}"/>
											</ui:template>
										</ui:Column>
										<ui:Column width="auto">
											<grid:CSSGrid>
												<Label textAlign="Center" text="Actual"/>
											</grid:CSSGrid>
											<ui:template>
												<grid:CSSGrid>
													<Text textAlign="Right" text="{path:'MainModel>Value',formatter:'.onAmountFormat'}"/>
												</grid:CSSGrid>
											</ui:template>
										</ui:Column>
									</ui:columns>
								</ui:Table>
							</chart:content>
						</chart:ChartContainerContent>
					</chart:content>
					<chart:customIcons>
						<core:Icon src="sap-icon://excel-attachment" tooltip="Export" app:revenueCustomData="EXEC_WRK_ORG" press="onExport"/>
					</chart:customIcons>
				</chart:ChartContainer>
				<viz:Popover id="id_popover_work_by_org"/>
				<layoutData>
					<l:GridData span="XL3 L3 M3 S12"/>
				</layoutData>
			</Panel>
		</l:content>
	</l:Grid>
</core:FragmentDefinition>