<core:FragmentDefinition xmlns:core="sap.ui.core" xmlns:mvc="sap.ui.core.mvc" xmlns="sap.m" xmlns:html="http://www.w3.org/1999/xhtml">
	<!--<IconTabBar id="icontabbar" visible="true" class="icontabContent" select="onTabSelect" headerMode="Standard">
		<items>-->
	<TabContainer itemSelect="onTabSelect" id="icontabbar" visible="false"
		class="tabcontainer-class sapUiResponsiveContentPadding sapUiResponsivePadding--header">
		<!--<l:VerticalLayout width="10px"></l:VerticalLayout>-->
		<items>
			<!--<IconTabFilter class="iconTabFilterContent" text="{i18n>executiveSummary}" key="EXEC_SUMMARY" 
							tooltip="{i18n>executiveSummary}MainModel>/NavHeadertoItem3/results/0/ViewName">-->
			<TabContainerItem key="EXEC_SUMMARY" name="{i18n>executiveSummary}" tooltip="{i18n>executiveSummary}">
				<content>
					<ScrollContainer height="51rem" vertical="true" horizontal="false">
						<core:Fragment fragmentName="com.aramco.fion.fdbZFI_FION_FDB.fragments.executiveSummary" type="XML"/>
					</ScrollContainer>
					<!--	</IconTabFilter>-->
				</content>
			</TabContainerItem>
			<TabContainerItem key="CONT_COST" name="{i18n>controllableCost}" tooltip="{i18n>controllableCost}">
				<content>
					<ScrollContainer height="51rem" vertical="true" horizontal="false">
						<!--<IconTabFilter class="iconTabFilterContent" text="{i18n>controllableCost}" key="CONT_COST" tooltip="{i18n>controllableCost}">-->
						<core:Fragment fragmentName="com.aramco.fion.fdbZFI_FION_FDB.fragments.controllableCost" type="XML"/>
					</ScrollContainer>
					<!--</IconTabFilter>-->
				</content>
			</TabContainerItem>
			<TabContainerItem key="WORKFORCE" name="Workforce" tooltip="Workforce">
				<content>
					<ScrollContainer height="51rem" vertical="true" horizontal="false">
						<!--<IconTabFilter class="iconTabFilterContent" text="Workforce" key="WORKFORCE" tooltip="Workforce">-->
						<core:Fragment fragmentName="com.aramco.fion.fdbZFI_FION_FDB.fragments.workForce" type="XML"/>
					</ScrollContainer>
				</content>
				<!--</IconTabFilter>-->
			</TabContainerItem>
			<TabContainerItem key="SUPPORT_SRV" name="Support Services" tooltip="Support Services">
				<content>
					<ScrollContainer height="51rem" vertical="true" horizontal="false">
						<!--<IconTabFilter class="iconTabFilterContent" text="Support Services" key="SUPPORT_SRV" tooltip="Support Services">-->
						<core:Fragment fragmentName="com.aramco.fion.fdbZFI_FION_FDB.fragments.supportServices" type="XML"/>
					</ScrollContainer>
				</content>
				<!--</IconTabFilter>-->
			</TabContainerItem>
			<!--<TabContainerItem key="TMG" name="Table Maintenance Gen" tooltip="Table Maintenence Gen">-->
			<!--	<content>-->
			<!--		<ScrollContainer visible="false" height="51rem" vertical="true" horizontal="false">-->
			<!--			<core:Fragment fragmentName="com.aramco.fion.fdbZFI_FION_FDB.fragments.tableMaintGen" type="XML"/>-->
			<!--		</ScrollContainer>-->
			<!--	</content>-->
			<!--</TabContainerItem>-->
		</items>
	</TabContainer>
</core:FragmentDefinition>