<core:FragmentDefinition xmlns="sap.m" xmlns:core="sap.ui.core" xmlns:l="sap.ui.layout"
	xmlns:custom="http://schemas.sap.com/sapui5/extension/sap.ui.core.CustomData/1" xmlns:f="sap.ui.layout.form">
	<Dialog xmlns="sap.m" id="id_create_frag" xmlns:mvc="sap.ui.core.mvc" contentHeight="50%" contentWidth="50%" class="sapUiSizeCompact">
		<customHeader>
			<Bar>
				<contentLeft>
					<Title level="H2" tooltip="Add New" text="Add New"/>
				</contentLeft>
			</Bar>
		</customHeader>
		<f:SimpleForm editable="true" layout="ResponsiveGridLayout" labelSpanXL="3" labelSpanL="3" labelSpanM="3" labelSpanS="3"
			adjustLabelSpan="false" emptySpanXL="2" emptySpanL="2" emptySpanM="2" emptySpanS="2" columnsXL="2" columnsL="1" columnsM="1"
			singleContainerFullSize="true">
			<f:content>
				<Label required="true" text="Table Type"/>
				<Input value="{/Type}" editable="false"/>
				<Label required="true" text="Type"/>
				<Select id="id_cr_type" selectedKey="{/Zview}" forceSelection="false" change="onTypeChange" editable="false">
					<core:Item key="EXEC_SUMMARY" text="Executive Summary"/>
					<core:Item key="CONT_COST" text="Controllable Cost"/>
					<core:Item key="WORKFORCE" text="Workforce"/>
					<core:Item key="SUPPORT_SRV" text="Support Services"/>
				</Select>
				<Label required="true" text="Cost Element Category"/>
				<Select selectedKey="{/Zcecate}" forceSelection="false">
					<core:Item key="E" text="E"/>
					<core:Item key="I" text="I"/>
				</Select>
				<!--<Label text="Component (Text)"/>
				<Input value="{/ZcompText}"/>-->
				<Label required="true" text="Component Id"/>
				<!--<Input value="{/Zcomponent}" editable="false"/>-->
				<Select forceSelection="false" selectedKey="{/Zcomponent}" items="{SubTypes>/Items}" >
					<core:Item key="{SubTypes>Key}" text="{SubTypes>Key}"/>
				</Select>
				<Label text="Cost Element"/>
				<Input value="{/Zcocelgr}"/>
				<Label text="Cost Element (Text)"/>
				<Input value="{/ZcosteleText}"/>
				<Label text="Sub.Sort Order"/>
				<Input value="{/Zsub_sort}"/>
			</f:content>
		</f:SimpleForm>
		<beginButton>
			<Button text="Save" press=".onSaveNewEntry" tooltip="save"/>
		</beginButton>
		<endButton>
			<Button text="Close" press=".onCloseNewEntry" tooltip="close"/>
		</endButton>
	</Dialog>
</core:FragmentDefinition>