<core:FragmentDefinition xmlns:core="sap.ui.core" xmlns:mvc="sap.ui.core.mvc" xmlns="sap.m" xmlns:html="http://www.w3.org/1999/xhtml"
	xmlns:f="sap.f" xmlns:card="sap.f.cards" xmlns:l="sap.ui.layout" xmlns:form="sap.ui.layout.form" xmlns:w="sap.ui.integration.widgets"
	xmlns:viz="sap.viz.ui5.controls" xmlns:viz.feeds="sap.viz.ui5.controls.common.feeds" xmlns:viz.data="sap.viz.ui5.data"
	xmlns:chart="sap.suite.ui.commons" xmlns:grid="sap.ui.layout.cssgrid" xmlns:ui="sap.ui.table"
	xmlns:app="http://schemas.sap.com/sapui5/extension/sap.ui.core.CustomData/1">
	<!--<f:GridContainer class="gridContainerClass">-->
	<!--	<l:Grid defaultSpan="XL6 L6 M6 S12">-->
	<l:Grid class="sapUiNoContentPadding" hSpacing="1" vSpacing="1" position="Center">
		<l:content>
			<Panel class="sapUiNoContentPadding panelClass" height="320px">
				<chart:ChartContainer class="class-chartcontainer" showZoom="false" showFullScreen="true" showPersonalization="false"
					title="{ssModel>/title}">
					<!--SUPPORT SERVICES TREND-->
					<chart:content>
						<chart:ChartContainerContent icon="sap-icon://line-chart" title="Chart">
							<chart:content>
								<viz:VizFrame class="gridClass" id="id_viz_sup_serv_trend" height="270px" width="auto" uiConfig="{applicationSet:'fiori'}"
									vizType='combination'>
									<viz:dataset>
										<viz.data:FlattenedDataset data="{ssModel>/NavHeadertoItem3/results}">
											<viz.data:dimensions>
												<viz.data:DimensionDefinition name="Item" value="{path:'ssModel>legend',formatter:'.getMonths'}"/>
											</viz.data:dimensions>
											<viz.data:measures>
												<viz.data:MeasureDefinition name="Actual" value="{ssModel>type}"/>
												<viz.data:MeasureDefinition name="Plan" value="{ssModel>value}"/>
											</viz.data:measures>
										</viz.data:FlattenedDataset>
									</viz:dataset>
									<viz:feeds>
										<viz.feeds:FeedItem uid="valueAxis" type="Measure" values="Actual"/>
										<viz.feeds:FeedItem uid="valueAxis" type="Measure" values="Plan"/>
										<viz.feeds:FeedItem uid="categoryAxis" type="Dimension" values="Item"/>
									</viz:feeds>
								</viz:VizFrame>
							</chart:content>
						</chart:ChartContainerContent>
						<chart:ChartContainerContent icon="sap-icon://table-view" title="Table">
							<chart:content>
								<ui:Table rows="{MainModel>/NavHeadertoItem3/results}" visibleRowCount="6" selectionMode="None" enableSelectAll="false"
									ariaLabelledBy="title">
									<ui:columns>
										<ui:Column width="auto">
											<Label text="Item"/>
											<ui:template>
												<Text text="{path:'MainModel>Data2',formatter:'.getMonths'}"/>
											</ui:template>
										</ui:Column>
										<ui:Column width="auto">
											<grid:CSSGrid>
												<Label textAlign="Center" text="Actual"/>
											</grid:CSSGrid>
											<ui:template>
												<grid:CSSGrid>
													<Text textAlign="Right" text="{path:'MainModel>Data6',formatter:'.onAmountFormat'}"/>
												</grid:CSSGrid>
											</ui:template>
										</ui:Column>
										<ui:Column width="auto">
											<grid:CSSGrid>
												<Label textAlign="Center" text="Plan"/>
											</grid:CSSGrid>
											<ui:template>
												<grid:CSSGrid>
													<Text textAlign="Right" text="{path:'MainModel>Data7',formatter:'.onAmountFormat'}"/>
												</grid:CSSGrid>
											</ui:template>
										</ui:Column>
										<ui:Column width="auto">
											<grid:CSSGrid>
												<Label textAlign="Center" text="YTD Actual"/>
											</grid:CSSGrid>
											<ui:template>
												<grid:CSSGrid>
													<Text textAlign="Right" text="{path:'MainModel>Data1',formatter:'.onAmountFormat'}"/>
												</grid:CSSGrid>
											</ui:template>
										</ui:Column>
										<ui:Column width="auto">
											<grid:CSSGrid>
												<Label textAlign="Center" text="YTD Plan"/>
											</grid:CSSGrid>
											<ui:template>
												<grid:CSSGrid>
													<Text textAlign="Right" text="{path:'MainModel>Data3',formatter:'.onAmountFormat'}"/>
												</grid:CSSGrid>
											</ui:template>
										</ui:Column>
										<ui:Column width="auto">
											<grid:CSSGrid>
												<Label textAlign="Center" text="YTD Variance"/>
											</grid:CSSGrid>
											<ui:template>
												<grid:CSSGrid>
													<Text textAlign="Right" text="{ parts: [ {path: 'MainModel>Data1'}, {path: 'MainModel>Data3'} ], formatter: '.OTVar'}"/>
												</grid:CSSGrid>
											</ui:template>
										</ui:Column>
										<ui:Column width="auto">
											<grid:CSSGrid>
												<Label textAlign="Center" text="YTD Variance (%)"/>
											</grid:CSSGrid>
											<ui:template>
												<grid:CSSGrid>
													<!--<Text textAlign="Right" text="{ parts: [ {path: 'MainModel>Component'}, {path: 'MainModel>PlanVal'} ], formatter: '.OTVarP'}"/>-->
													<ObjectNumber number="{ parts: [ {path: 'MainModel>Data1'}, {path: 'MainModel>Data3'} ], formatter: '.OTVarP'}"
														state="{ parts: [ {path: 'MainModel>Data1'}, {path: 'MainModel>Data3'} ], formatter: '.OTVarPColor'}"/>
												</grid:CSSGrid>
											</ui:template>
										</ui:Column>
									</ui:columns>
								</ui:Table>
							</chart:content>
						</chart:ChartContainerContent>
					</chart:content>
					<chart:customIcons>
						<core:Icon src="sap-icon://collections-insight" tooltip="Switch view" app:revenueCustomData="EXEC_DE" press="onTogglePressSST"/>
					</chart:customIcons>
				</chart:ChartContainer>
				<viz:Popover id="id_popover_sup_serv_trend"/>
				<layoutData>
					<l:GridData span="XL6 L6 M6 S12"/>
				</layoutData>
			</Panel>
			<Panel class="sapUiNoContentPadding panelClass" height="320px">
				<!--<headerToolbar>
					<OverflowToolbar class="overFlow-class">
						<ToolbarSpacer/>
						<Title class="chart-header-title" text="Support Services by org" level="H1"/>
						<ToolbarSpacer/>
					</OverflowToolbar>
				</headerToolbar>-->
				<chart:ChartContainer class="class-chartcontainer" showZoom="false" showFullScreen="true" showPersonalization="false"
					title="{MainModel>/Data5}">
					<!--SUPPORT SERVICES BY ORG-->
					<chart:content>
						<chart:ChartContainerContent icon="sap-icon://line-chart" title="Chart">
							<chart:content>
								<viz:VizFrame class="gridClass" height="270px" width="auto" id="viz_sup_serv_org" uiConfig="{applicationSet:'fiori'}" vizType='column'>
									<viz:dataset>
										<viz.data:FlattenedDataset data="{MainModel>/NavHeadertoItem1/results}">
											<viz.data:dimensions>
												<viz.data:DimensionDefinition name="Key5" value="{MainModel>PlanVal}"/>
												<viz.data:DimensionDefinition name="Item" value="{MainModel>CostElement}"/>
											</viz.data:dimensions>
											<viz.data:measures>
												<viz.data:MeasureDefinition name="Values" value="{MainModel>Actual}"/>
											</viz.data:measures>
										</viz.data:FlattenedDataset>
									</viz:dataset>
									<viz:feeds>
										<!--<viz.feeds:FeedItem uid="waterfallType" type="Dimension" values="Key5"/>-->
										<viz.feeds:FeedItem uid="color" type="Dimension" values="Key5"/>
										<viz.feeds:FeedItem uid="valueAxis" type="Measure" values="Values"/>
										<viz.feeds:FeedItem uid="categoryAxis" type="Dimension" values="Item"/>
									</viz:feeds>
								</viz:VizFrame>
							</chart:content>
						</chart:ChartContainerContent>
						<chart:ChartContainerContent icon="sap-icon://table-view" title="Table">
							<chart:content>
								<ui:Table rows="{/Items}" id="id_table_supserv" visibleRowCount="6" selectionMode="None" enableSelectAll="false" ariaLabelledBy="title">
									<ui:columns>
										<ui:Column width="auto">
											<Label text="Item"/>
											<ui:template>
												<Text text="{Item}"/>
											</ui:template>
										</ui:Column>
										<ui:Column width="auto">
											<grid:CSSGrid>
												<Label textAlign="Center" text="YTD Actual"/>
											</grid:CSSGrid>
											<ui:template>
												<grid:CSSGrid>
													<Text textAlign="Right" text="{path:'Data1',formatter:'.onAmountFormat'}"/>
												</grid:CSSGrid>
											</ui:template>
										</ui:Column>
										<ui:Column width="auto">
											<grid:CSSGrid>
												<Label textAlign="Center" text="YTD Plan"/>
											</grid:CSSGrid>
											<ui:template>
												<grid:CSSGrid>
													<Text textAlign="Right" text="{path:'Data2',formatter:'.onAmountFormat'}"/>
												</grid:CSSGrid>
											</ui:template>
										</ui:Column>
										<ui:Column width="auto">
											<grid:CSSGrid>
												<Label textAlign="Center" text="YTD Variance"/>
											</grid:CSSGrid>
											<ui:template>
												<grid:CSSGrid>
													<Text textAlign="Right" text="{path:'Data4',formatter:'.onAmountFormatVar'}"/>
												</grid:CSSGrid>
											</ui:template>
										</ui:Column>
										<ui:Column width="auto">
											<grid:CSSGrid>
												<Label textAlign="Center" text="YTD Variance (%)"/>
											</grid:CSSGrid>
											<ui:template>
												<grid:CSSGrid>
													<!--<Text textAlign="Right" state="Success" text="{path:'Data3',formatter:'.onAmountFormatVar'}"/>-->
													<ObjectNumber number="{path:'Data3',formatter:'.onAmountFormatVar'}" state="{path:'Data3',formatter:'.getColor'}"/>
												</grid:CSSGrid>
											</ui:template>
										</ui:Column>
									</ui:columns>
								</ui:Table>
							</chart:content>
						</chart:ChartContainerContent>
					</chart:content>
				</chart:ChartContainer>
				<viz:Popover id="id_popover_sup_serv_org"/>
				<layoutData>
					<l:GridData span="XL6 L6 M6 S12"/>
				</layoutData>
			</Panel>
		</l:content>
	</l:Grid>
	<l:Grid hSpacing="1" vSpacing="1" position="Center">
		<l:content>
			<Panel class="sapUiNoContentPadding panelClass">
				<Table inset="false" id="supportserv_table" items="{MainModel>/NavHeadertoItem2/results}" alternateRowColors="true">
					<columns>
						<Column hAlign="Left" minScreenWidth="Tablet" demandPopin="false">
							<Title class="table-title" text="Services"/>
						</Column>
						<Column hAlign="Right" minScreenWidth="Tablet" demandPopin="false">
							<Title class="table-title" text="Actual"/>
						</Column>
						<Column hAlign="Right" minScreenWidth="Tablet" demandPopin="true">
							<Title class="table-title" text="Plan"/>
						</Column>
						<Column hAlign="Right" minScreenWidth="Tablet" demandPopin="true">
							<Title class="table-title" text="YTD Actual"/>
						</Column>
						<Column hAlign="Right" minScreenWidth="Tablet" demandPopin="true">
							<Title class="table-title" text="YTD Plan"/>
						</Column>
						<Column hAlign="Right" minScreenWidth="Tablet" demandPopin="true">
							<Title class="table-title" text="YTD Var %"/>
						</Column>
					</columns>
					<items>
						<ColumnListItem>
							<cells>
								<Text text="{MainModel>Component}" tooltip="{MainModel>Component}"/>
								<Text text="{path:'MainModel>Data2',formatter:'.getAmountFormat_1'}" tooltip="{path:'MainModel>Data2',formatter:'.getAmountFormat_1'}"/>
								<Text text="{path:'MainModel>Data3',formatter:'.getAmountFormat_1'}" tooltip="{path:'MainModel>Data3',formatter:'.getAmountFormat_1'}"/>
								<Text text="{path:'MainModel>Data4',formatter:'.getAmountFormat_1'}" tooltip="{path:'MainModel>Data4',formatter:'.getAmountFormat_1'}"/>
								<Text text="{path:'MainModel>Data5',formatter:'.getAmountFormat_1'}" tooltip="{path:'MainModel>Data5',formatter:'.getAmountFormat_1'}"/>
								<!--<Text text="{path:'MainModel>PlanVal',formatter:'.getAmountFormat'}" tooltip="{path:'MainModel>PlanVal',formatter:'.getAmountFormat'}"/>-->
								<ObjectNumber number="{path:'MainModel>PlanVal',formatter:'.getAmountFormat_1'}"
									state="{path:'MainModel>ViewName',formatter:'.getVarState'}" tooltip="{path:'MainModel>PlanVal',formatter:'.getAmountFormat_1'}"/>
							</cells>
						</ColumnListItem>
					</items>
				</Table>
				<layoutData>
					<l:GridData span="XL12 L12 M12 S12"/>
				</layoutData>
			</Panel>
		</l:content>
	</l:Grid>
	<Text/>
	<Text/>
</core:FragmentDefinition>