<core:FragmentDefinition xmlns:core="sap.ui.core" xmlns:mvc="sap.ui.core.mvc" xmlns="sap.m" xmlns:html="http://www.w3.org/1999/xhtml"
	xmlns:l="sap.ui.layout" xmlns:f="sap.ui.layout.form">
	<f:SimpleForm editable="true" layout="ResponsiveGridLayout" labelSpanXL="2" labelSpanL="2" labelSpanM="2" labelSpanS="2"
		adjustLabelSpan="false" emptySpanXL="4" emptySpanL="4" emptySpanM="4" emptySpanS="4" columnsXL="2" columnsL="1" columnsM="1"
		singleContainerFullSize="true">
		<f:content>
			<Label required="true" text="Table Type"/>
			<Select id="id_table_type" forceSelection="false" change="onTableTypeChange">
				<core:Item key="Master" text="Main Table"/>
				<core:Item key="Text" text="Text Table"/>
			</Select>
			<Label required="true" text="Type"/>
			<Select id="id_type_select" forceSelection="false" change="onTypeChange">
				<core:Item key="EXEC_SUMMARY" text="Executive Summary"/>
				<core:Item key="CONT_COST" text="Controllable Cost"/>
				<core:Item key="WORKFORCE" text="Workforce"/>
				<core:Item key="SUPPORT_SRV" text="Support Services"/>
			</Select>
		</f:content>
	</f:SimpleForm>
	<Table inset="false" id="table_maint" items="{path: '/Items'}" alternateRowColors="true" visible="false">
		<headerToolbar>
			<OverflowToolbar>
				<ToolbarSpacer/>
				<Button text="Add" press="onAddPress"/>
			</OverflowToolbar>
		</headerToolbar>
		<columns>
			<Column hAlign="Begin" minScreenWidth="Tablet" demandPopin="false">
				<Label text="Type" design="Bold"/>
			</Column>
			<Column hAlign="Begin" minScreenWidth="" demandPopin="false">
				<Label text="Component Id" design="Bold"/>
			</Column>
			<!--<Column hAlign="Begin" minScreenWidth="Tablet" demandPopin="true">
							<Label text="Component (Text)" design="Bold"/>
						</Column>-->
			<Column hAlign="Begin" minScreenWidth="Tablet" demandPopin="true">
				<Label text="Cost Element" design="Bold"/>
			</Column>
			<Column hAlign="Begin" minScreenWidth="Tablet" demandPopin="true">
				<Label text="Cost Element (Text)" design="Bold"/>
			</Column>
			<Column hAlign="Begin" minScreenWidth="Tablet" demandPopin="true">
				<Label text="Sub.Sort Order" design="Bold"/>
			</Column>
		</columns>
		<items>
			<ColumnListItem type="Active" press="onItemPress">
				<cells>
					<Text text="{Zview}" tooltip="{Zview}"/>
					<Text text="{Zcomponent}" tooltip="{Zcomponent}"/>
					<!--<Text text="{ZcompText}" tooltip=""/>-->
					<Text text="{Zcocelgr}" tooltip="{Zcocelgr}"/>
					<Text text="{ZcosteleText}" tooltip="{ZcosteleText}"/>
					<Text text="{Zsub_sort}" tooltip="{Zsub_sort}"/>
				</cells>
			</ColumnListItem>
		</items>
	</Table>
	<Table inset="false" id="text_table_maint" items="{/Items}" alternateRowColors="true" visible="false">
		<headerToolbar>
			<OverflowToolbar>
				<ToolbarSpacer/>
				<Button text="Add" press="onAddCompTextPress"/>
			</OverflowToolbar>
		</headerToolbar>
		<columns>
			<Column hAlign="Begin" minScreenWidth="Tablet" demandPopin="false">
				<Label text="Type" design="Bold"/>
			</Column>
			<Column hAlign="Begin" minScreenWidth="Tablet" demandPopin="false">
				<Label text="Component Id" design="Bold"/>
			</Column>
			<Column hAlign="Begin" minScreenWidth="" demandPopin="false">
				<Label text="Component Text" design="Bold"/>
			</Column>
			<Column hAlign="Begin" minScreenWidth="" demandPopin="false">
				<Label text="Dashboard Order" design="Bold"/>
			</Column>
			<!--<Column hAlign="Begin" minScreenWidth="" demandPopin="false">
				<Label text="Cost Element" design="Bold"/>
			</Column>-->
		</columns>
		<items>
			<ColumnListItem type="Active" press="onTextItemPress">
				<cells>
					<Text text="{Ztab}" tooltip="{Ztab}"/>
					<Text text="{Zcomponent}" tooltip="{Zcomponent}"/>
					<Text text="{ZcompText}" tooltip="{ZcompText}"/>
					<Text text="{Zdab_sort}" tooltip="{Zdab_sort}"/>
				</cells>
			</ColumnListItem>
		</items>
	</Table>
</core:FragmentDefinition>