<core:FragmentDefinition xmlns="sap.m" xmlns:core="sap.ui.core" xmlns:l="sap.ui.layout"
	xmlns:custom="http://schemas.sap.com/sapui5/extension/sap.ui.core.CustomData/1" xmlns:f="sap.ui.layout.form">
	<Dialog xmlns="sap.m" id="id_text_create_frag" xmlns:mvc="sap.ui.core.mvc" contentHeight="50%" contentWidth="50%" class="sapUiSizeCompact">
		<customHeader>
			<Bar>
				<contentLeft>
					<Title level="H2" tooltip="Add New" text="Add New"/>
				</contentLeft>
			</Bar>
		</customHeader>
		<f:SimpleForm editable="true" layout="ResponsiveGridLayout" labelSpanXL="3" labelSpanL="3" labelSpanM="3" labelSpanS="3"
			adjustLabelSpan="false" emptySpanXL="2" emptySpanL="2" emptySpanM="2" emptySpanS="2" columnsXL="2" columnsL="1" columnsM="1"
			singleContainerFullSize="true">
			<f:content>
				<Label required="true" text="Table Type"/>
				<Input value="{/Type}" editable="false"/>
				<Label required="true" text="Type"/>
				<Select id="id_text_cr_type" editable="false" forceSelection="false" selectedKey="{/Ztab}" change="onTypeChange">
					<core:Item key="EXEC_SUMMARY" text="Executive Summary"/>
					<core:Item key="CONT_COST" text="Controllable Cost"/>
					<core:Item key="WORKFORCE" text="Workforce"/>
					<core:Item key="SUPPORT_SRV" text="Support Services"/>
				</Select>
				<!--<Label required="true" text="Component Id"/>-->
				<!--<Select id="id_text_cr_type" selectedKey="{/Zview}" forceSelection="false" editable="false">
					<core:Item key="EXEC_SUMMARY" text="Executive Summary"/>
					<core:Item key="CONT_COST" text="Controllable Cost"/>
					<core:Item key="WORKFORCE" text="Workforce"/>
					<core:Item key="SUPPORT_SRV" text="Support Services"/>
				</Select>-->
				<!--<Select forceSelection="false" id="id_text_comp_type" selectedKey="{/Zcomponent}" items="{SubTypes>/Items}">
					<core:Item key="{SubTypes>Key}" text="{SubTypes>Key}"/>
				</Select>-->
				<Label required="true" text="Component Id"/>
				<!--<Input value="{/Zcomponent}"/> -->
				<Select forceSelection="false" selectedKey="{/Zcomponent}" items="{SubTypes>/Items}" >
					<core:Item key="{SubTypes>Key}" text="{SubTypes>Key}"/>
				</Select>
				<Label id="id_text_lab" text="Component (Text)" visible="true"/>
				<Input id="id_text_input" value="{/ZcompText}" visible="true"/>
				<Label text="Dashboard Order" visible="true"/>
				<Input value="{/Zdab_sort}" visible="true"/>
				<!--<Label id="id_combo_text_lab" text="Component (Text)" visible="false"/>
				<Select id="id_combo_text" selectedKey="{/ZcompText}" visible="false" items="{SubComponents>/Items}" forceSelection="false">
					<core:Item key="{SubComponents>Key}" text="{SubComponents>Key}"/>
				</Select>-->
			</f:content>
		</f:SimpleForm>
		<beginButton>
			<Button text="Save" press=".onSaveCompText" tooltip="save"/>
		</beginButton>
		<endButton>
			<Button text="Close" press=".onCloseCompText" tooltip="close"/>
		</endButton>
	</Dialog>
</core:FragmentDefinition>