<core:FragmentDefinition xmlns="sap.m" xmlns:core="sap.ui.core" xmlns:l="sap.ui.layout"
	xmlns:custom="http://schemas.sap.com/sapui5/extension/sap.ui.core.CustomData/1" xmlns:f="sap.ui.layout.form">
	<Dialog xmlns="sap.m" id="id_text_edit_frag" xmlns:mvc="sap.ui.core.mvc" contentHeight="50%" contentWidth="50%" class="sapUiSizeCompact">
		<customHeader>
			<Bar>
				<contentLeft>
					<Title level="H2" tooltip="Edit" text="Edit"/>
				</contentLeft>
			</Bar>
		</customHeader>
		<f:SimpleForm editable="true" layout="ResponsiveGridLayout" labelSpanXL="3" labelSpanL="3" labelSpanM="3" labelSpanS="3"
			adjustLabelSpan="false" emptySpanXL="2" emptySpanL="2" emptySpanM="2" emptySpanS="2" columnsXL="2" columnsL="1" columnsM="1"
			singleContainerFullSize="true">
			<f:content>
				<Label text="Table Type"/>
				<Input value="{/Type}" editable="false"/>
				<Label required="true" text="Type"/>
				<Select editable="false" forceSelection="false" selectedKey="{/Ztab}">
					<core:Item key="EXEC_SUMMARY" text="Executive Summary"/>
					<core:Item key="CONT_COST" text="Controllable Cost"/>
					<core:Item key="WORKFORCE" text="Workforce"/>
					<core:Item key="SUPPORT_SRV" text="Support Services"/>
				</Select>
				<Label text="Component Id"/>
				<Input value="{/Zcomponent}" editable="false"/>
				<!--<Select forceSelection="false" editable="false" id="id_text_ed_comp_type" selectedKey="{/Zcomponent}" change="onEditChangeComponent" items="{SubTypes>/Items}">
					<core:Item key="{SubTypes>Key}" text="{SubTypes>Key}"/>
				</Select>-->
				<!--<Label text="Cost Element" visible="true"/>
				<Input value="{/Zcocelgr}" visible="true" editable="false"/>-->
				<Label id="id_ed_text_lab" text="Component (Text)" visible="true"/>
				<Input id="id_ed_text_input" value="{/ZcompText}" visible="true"/>
				<Label text="Dashboard Order" visible="true"/>
				<Input value="{/Zdab_sort}" visible="true"/>
				<Label text="Created By"/>
				<Input value="{/ZcrUser}" editable="false"/>
				<Label text="Created On"/>
				<!--<Input value="{/ZcrDate}" editable="false"/>-->
				<DatePicker value="{/ZcrDate}" editable="false"/>
				<Label text="Changed By"/>
				<Input value="{/ZchUser}" editable="false"/>
				<Label text="Changed On"/>
				<!--<Input value="{/ZchDate}" editable="false"/>-->
				<DatePicker value="{/ZcrDate}" editable="false"/>
				<!--<Label id="id_ed_combo_text_lab" text="Component (Text)" visible="false"/>
				<Select id="id_ed_combo_text" selectedKey="{/ZcompText}" visible="false" items="{SubComponents>/Items}" forceSelection="false">
					<core:Item key="{SubComponents>Key}" text="{SubComponents>Key}"/>
				</Select>-->
			</f:content>
		</f:SimpleForm>
		<buttons>
			<Button text="Delete" press=".onDeleteCompText" tooltip="delete"/>
			<Button text="Save" press=".onEditCompText" tooltip="save"/>
			<Button text="Close" press=".onCloseEditCompText" tooltip="close"/>
		</buttons>
	</Dialog>
</core:FragmentDefinition>