<core:FragmentDefinition xmlns:core="sap.ui.core" xmlns:mvc="sap.ui.core.mvc" xmlns="sap.m" xmlns:html="http://www.w3.org/1999/xhtml"
	xmlns:f="sap.f" xmlns:card="sap.f.cards" xmlns:l="sap.ui.layout" xmlns:form="sap.ui.layout.form" xmlns:w="sap.ui.integration.widgets"
	xmlns:viz="sap.viz.ui5.controls" xmlns:viz.feeds="sap.viz.ui5.controls.common.feeds" xmlns:viz.data="sap.viz.ui5.data"
	xmlns:chart="sap.suite.ui.commons" xmlns:grid="sap.ui.layout.cssgrid" xmlns:ui="sap.ui.table"
	xmlns:app="http://schemas.sap.com/sapui5/extension/sap.ui.core.CustomData/1">
	<l:Grid defaultSpan="XL3 L3 M3 S12">
		<l:content>
			<f:Card class="cardClass">
				<f:content>
					<VBox height="125px" class="sapUiSmallMargin">
						<Title class="headerTitle" text="{MainModel>/Data11} {path:'MainModel>/NavHeadertoItem8/results/0/Component',formatter:'.onCardTitle'}"/>
						<Text/>
						<Toolbar class="toolbarClass">
							<ToolbarSpacer/>
							<VBox>
								<!--<Title class="contentBlue" text="123.5"/>-->
								<grid:CSSGrid>
									<Title level="H1" textAlign="Center" class="contentBlue"
										text="{path:'MainModel>/NavHeadertoItem8/results/0/Data1',formatter:'.onDecimalFormat'}"/>
								</grid:CSSGrid>
								<grid:CSSGrid>
									<Text textAlign="Center" class="contentLabel contLabelPadding" text="Actual"/>
								</grid:CSSGrid>
								<!--<Text />-->
							</VBox>
							<ToolbarSpacer/>
						</Toolbar>
						<Toolbar class="toolbarClass">
							<VBox>
								<grid:CSSGrid>
									<Text textAlign="Center" class="contentBlack" text="{path:'MainModel>/NavHeadertoItem8/results/0/Data2',formatter:'.onDecimalFormat'}"/>
								</grid:CSSGrid>
								<grid:CSSGrid>
									<Text textAlign="Center" class="contentLabel contLabelPadding" text="Plan"/>
								</grid:CSSGrid>
							</VBox>
							<ToolbarSpacer/>
							<VBox>
								<!--<Text class="{path:'MainModel>/NavHeadertoItem8/results/0/ViewName',formatter:'.getClass'}"
									text="{path:'MainModel>/NavHeadertoItem8/results/0/Data3',formatter:'.getAmountFormat'}"/>-->
								<grid:CSSGrid>
									<ObjectNumber textAlign="Center" number="{path:'MainModel>/NavHeadertoItem8/results/0/Data3',formatter:'.onVarianceValidation'}"/>
								</grid:CSSGrid>
								<grid:CSSGrid>
									<Text textAlign="Center" class="contentLabel contLabelPadding" text="O/U"/>
								</grid:CSSGrid>
							</VBox>
						</Toolbar>
					</VBox>
				</f:content>
			</f:Card>
			<f:Card class="cardClass">
				<!--<f:layoutData>
				<f:GridContainerItemLayoutData columns="3"/>
			</f:layoutData>-->
				<f:content>
					<VBox height="125px" class="sapUiSmallMargin">
						<Title class="headerTitle" text="{MainModel>/Data12} {path:'MainModel>/NavHeadertoItem8/results/1/Component',formatter:'.onCardTitle'}"/>
						<Text/>
						<Toolbar class="toolbarClass">
							<ToolbarSpacer/>
							<VBox>
								<!--<Title class="contentBlue" text="123.5"/>-->
								<grid:CSSGrid>
									<Title textAlign="Center" level="H1" class="contentBlue"
										text="{path:'MainModel>/NavHeadertoItem8/results/1/Data1',formatter:'.onDecimalFormat'}"/>
								</grid:CSSGrid>
								<grid:CSSGrid>
									<Text textAlign="Center" class="contentLabel contLabelPadding" text="Actual"/>
								</grid:CSSGrid>
								<!--<Text />-->
							</VBox>
							<ToolbarSpacer/>
						</Toolbar>
						<Toolbar class="toolbarClass">
							<VBox>
								<grid:CSSGrid>
									<Text textAlign="Center" class="contentBlack" text="{path:'MainModel>/NavHeadertoItem8/results/1/Data2',formatter:'.onDecimalFormat'}"/>
								</grid:CSSGrid>
								<grid:CSSGrid>
									<Text textAlign="Center" class="contentLabel contLabelPadding" text="Plan"/>
								</grid:CSSGrid>
							</VBox>
							<ToolbarSpacer/>
							<VBox>
								<!--<Text class="{path:'MainModel>/NavHeadertoItem8/results/1/ViewName',formatter:'.getClass'}"
									text="{path:'MainModel>/NavHeadertoItem8/results/1/Data3',formatter:'.getAmountFormat'}"/>-->
								<grid:CSSGrid>
									<ObjectNumber textAlign="Center" number="{path:'MainModel>/NavHeadertoItem8/results/1/Data3',formatter:'.onVarianceValidation'}"/>
								</grid:CSSGrid>
								<grid:CSSGrid>
									<Text textAlign="Center" class="contentLabel contLabelPadding" text="O/U"/>
								</grid:CSSGrid>
							</VBox>
						</Toolbar>
					</VBox>
				</f:content>
			</f:Card>
			<f:Card class="cardClass">
				<f:content>
					<VBox height="125px" class="sapUiSmallMargin">
						<Title class="headerTitle" text="{MainModel>/Data13} {path:'MainModel>/NavHeadertoItem8/results/2/Component',formatter:'.onCardTitle'}"/>
						<Text/>
						<Toolbar class="toolbarClass">
							<ToolbarSpacer/>
							<VBox>
								<!--<Title class="contentBlue" text="123.5"/>-->
								<grid:CSSGrid>
									<Title textAlign="Center" level="H1" class="contentBlue"
										text="{path:'MainModel>/NavHeadertoItem8/results/2/Data1',formatter:'.onDecimalFormat'}"/>
								</grid:CSSGrid>
								<grid:CSSGrid>
									<Text textAlign="Center" class="contentLabel contLabelPadding" text="Actual"/>
								</grid:CSSGrid>
								<!--<Text />-->
							</VBox>
							<ToolbarSpacer/>
						</Toolbar>
						<Toolbar class="toolbarClass">
							<VBox>
								<grid:CSSGrid>
									<Text textAlign="Center" class="contentBlack" text="{path:'MainModel>/NavHeadertoItem8/results/2/Data2',formatter:'.onDecimalFormat'}"/>
								</grid:CSSGrid>
								<grid:CSSGrid>
									<Text textAlign="Center" class="contentLabel contLabelPadding" text="Plan"/>
								</grid:CSSGrid>
							</VBox>
							<ToolbarSpacer/>
							<VBox>
								<!--<Text class="{path:'MainModel>/NavHeadertoItem8/results/2/ViewName',formatter:'.getClass'}"
									text="{path:'MainModel>/NavHeadertoItem8/results/2/Data3',formatter:'.getAmountFormat'}"/>-->
								<grid:CSSGrid>
									<ObjectNumber textAlign="Center" number="{path:'MainModel>/NavHeadertoItem8/results/2/Data3',formatter:'.onVarianceValidation'}"/>
								</grid:CSSGrid>
								<grid:CSSGrid>
									<Text textAlign="Center" class="contentLabel contLabelPadding" text="O/U"/>
								</grid:CSSGrid>
							</VBox>
						</Toolbar>
					</VBox>
				</f:content>
			</f:Card>
			<f:Card class="cardClass">
				<f:content>
					<VBox height="125px" class="sapUiSmallMargin">
						<Title class="headerTitle" text="{MainModel>/Data14} {path:'MainModel>/NavHeadertoItem8/results/3/Component',formatter:'.onCardTitle'}"/>
						<Text/>
						<Toolbar class="toolbarClass">
							<ToolbarSpacer/>
							<VBox>
								<!--<Title class="contentBlue" text="123.5"/>-->
								<grid:CSSGrid>
									<Title textAlign="Center" level="H1" class="contentBlue"
										text="{path:'MainModel>/NavHeadertoItem8/results/3/Data1',formatter:'.onDecimalFormat'}"/>
								</grid:CSSGrid>
								<grid:CSSGrid>
									<Text textAlign="Center" class="contentLabel contLabelPadding" text="Actual"/>
								</grid:CSSGrid>
								<!--<Text />-->
							</VBox>
							<ToolbarSpacer/>
						</Toolbar>
						<Toolbar class="toolbarClass">
							<VBox>
								<grid:CSSGrid>
									<Text textAlign="Center" class="contentBlack" text="{path:'MainModel>/NavHeadertoItem8/results/3/Data2',formatter:'.onDecimalFormat'}"/>
								</grid:CSSGrid>
								<grid:CSSGrid>
									<Text textAlign="Center" class="contentLabel contLabelPadding" text="Plan"/>
								</grid:CSSGrid>
							</VBox>
							<ToolbarSpacer/>
							<VBox>
								<!--<Text class="{path:'MainModel>/NavHeadertoItem8/results/3/ViewName',formatter:'.getClass'}"
									text="{path:'MainModel>/NavHeadertoItem8/results/3/Data3',formatter:'.getAmountFormat'}"/>-->
								<grid:CSSGrid>
									<ObjectNumber textAlign="Center" number="{path:'MainModel>/NavHeadertoItem8/results/3/Data3',formatter:'.onVarianceValidation'}"/>
								</grid:CSSGrid>
								<grid:CSSGrid>
									<Text textAlign="Center" class="contentLabel contLabelPadding" text="O/U"/>
								</grid:CSSGrid>
							</VBox>
						</Toolbar>
					</VBox>
				</f:content>
			</f:Card>
			<!--</f:GridContainer>-->
		</l:content>
	</l:Grid>
	<l:Grid hSpacing="1" vSpacing="1" position="Center">
		<l:content>
			<Panel class="sapUiNoContentPadding panelClass" height="320px">
				<chart:ChartContainer class="class-chartcontainer" showZoom="false" showFullScreen="true" showPersonalization="false"
					title="{MainModel>/Data5}">
					<!--WORKFORCE BY ORG-->
					<chart:content>
						<chart:ChartContainerContent icon="sap-icon://line-chart" title="Chart">
							<chart:content>
								<viz:VizFrame class="gridClass" height="270px" width="auto" id="viz_workforce_org" uiConfig="{applicationSet:'fiori'}" vizType='column'>
									<viz:dataset>
										<viz.data:FlattenedDataset data="{MainModel>/NavHeadertoItem1/results}">
											<viz.data:dimensions>
												<viz.data:DimensionDefinition name="Key5" value="{MainModel>PlanVal}"/>
												<viz.data:DimensionDefinition name="Item" value="{MainModel>CostElement}"/>
											</viz.data:dimensions>
											<viz.data:measures>
												<viz.data:MeasureDefinition name="Values" value="{MainModel>Actual}"/>
											</viz.data:measures>
										</viz.data:FlattenedDataset>
									</viz:dataset>
									<viz:feeds>
										<!--<viz.feeds:FeedItem uid="waterfallType" type="Dimension" values="Key5"/>-->
										<viz.feeds:FeedItem uid="color" type="Dimension" values="Key5"/>
										<viz.feeds:FeedItem uid="valueAxis" type="Measure" values="Values"/>
										<viz.feeds:FeedItem uid="categoryAxis" type="Dimension" values="Item"/>
									</viz:feeds>
								</viz:VizFrame>
							</chart:content>
						</chart:ChartContainerContent>
						<chart:ChartContainerContent icon="sap-icon://table-view" title="Table">
							<chart:content>
								<ui:Table rows="{/Items}" id="id_tab_workforce_org" visibleRowCount="6" selectionMode="None" enableSelectAll="false" ariaLabelledBy="title">
									<ui:columns>
										<ui:Column width="auto">
											<Label text="Item"/>
											<ui:template>
												<Text text="{Item}"/>
											</ui:template>
										</ui:Column>
										<ui:Column width="auto">
											<grid:CSSGrid>
												<Label textAlign="Center" text="Actual"/>
											</grid:CSSGrid>
											<ui:template>
												<grid:CSSGrid>
													<Text textAlign="Right" text="{path:'Data1',formatter:'.onAmountFormat'}"/>
												</grid:CSSGrid>
											</ui:template>
										</ui:Column>
										<ui:Column width="auto">
											<grid:CSSGrid>
												<Label textAlign="Center" text="Plan"/>
											</grid:CSSGrid>
											<ui:template>
												<grid:CSSGrid>
													<Text textAlign="Right" text="{path:'Data2',formatter:'.onAmountFormat'}"/>
												</grid:CSSGrid>
											</ui:template>
										</ui:Column>
										<ui:Column width="auto">
											<grid:CSSGrid>
												<Label textAlign="Center" text="Variance"/>
											</grid:CSSGrid>
											<ui:template>
												<grid:CSSGrid>
													<Text textAlign="Right" text="{path:'Data4',formatter:'.onAmountFormatVar'}"/>
												</grid:CSSGrid>
											</ui:template>
										</ui:Column>
										<ui:Column width="auto">
											<grid:CSSGrid>
												<Label textAlign="Center" text="Variance (%)"/>
											</grid:CSSGrid>
											<ui:template>
												<grid:CSSGrid>
													<ObjectNumber number="{path:'Data3',formatter:'.onAmountFormatVar'}" state="{path:'Data3',formatter:'.getColor'}"/>
												</grid:CSSGrid>
											</ui:template>
										</ui:Column>
									</ui:columns>
								</ui:Table>
							</chart:content>
						</chart:ChartContainerContent>
					</chart:content>
					<chart:customIcons>
						<core:Icon src="sap-icon://excel-attachment" tooltip="Export" app:revenueCustomData="WF_ORG" press="onExport"/>
					</chart:customIcons>
				</chart:ChartContainer>
				<viz:Popover id="id_popover_workforce_org"/>
				<layoutData>
					<l:GridData span="XL6 L6 M6 S12"/>
				</layoutData>
			</Panel>
			<Panel class="sapUiNoContentPadding panelClass" height="320px">
				<chart:ChartContainer class="class-chartcontainer" showFullScreen="true" showPersonalization="false" title="{MainModel>/Data16}">
					<!--WORKFORCE BY ORG-->
					<chart:content>
						<chart:ChartContainerContent>
							<chart:content>
								<f:Card width="100%">
									<f:content>
										<VBox height="215px" class="sapUiSmallMargin">
											<Title/>
											<Text/>
											<Toolbar class="toolbarClass">
												<ToolbarSpacer/>
												<VBox>
													<grid:CSSGrid>
														<Title textAlign="Center" level="H1" class="contentBlue" id="id_tot_workforce"/>
													</grid:CSSGrid>
													<grid:CSSGrid>
														<Text textAlign="Center" class="contentLabel" text="Employees"/>
													</grid:CSSGrid>
												</VBox>
												<ToolbarSpacer/>
											</Toolbar>
											<Toolbar class="toolbarClass_1">
												<VBox>
													<grid:CSSGrid>
														<Text textAlign="Center" class="contentBlack" id="id_work_saudi_num"/>
													</grid:CSSGrid>
													<grid:CSSGrid>
														<Text textAlign="Center" class="contentLabel" text="Saudi"/>
													</grid:CSSGrid>
													<grid:CSSGrid>
														<Text textAlign="Center" class="contentBlack" id="id_work_saudi_perc"/>
													</grid:CSSGrid>
												</VBox>
												<ToolbarSpacer/>
												<VBox class="sapUiSmallMargin">
													<grid:CSSGrid>
														<Text textAlign="Center" class="contentBlack" id="id_work_expat_num"/>
													</grid:CSSGrid>
													<grid:CSSGrid>
														<Text textAlign="Center" class="contentLabel" text="Expat"/>
													</grid:CSSGrid>
													<grid:CSSGrid>
														<Text textAlign="Center" class="contentBlack" id="id_work_expat_perc"/>
													</grid:CSSGrid>
												</VBox>
											</Toolbar>
										</VBox>
									</f:content>
								</f:Card>
							</chart:content>
						</chart:ChartContainerContent>
					</chart:content>
				</chart:ChartContainer>
				<layoutData>
					<l:GridData span="XL3 L3 M3 S12"/>
				</layoutData>
			</Panel>
			<Panel class="sapUiNoContentPadding panelClass" height="320px">
				<chart:ChartContainer class="class-chartcontainer" showZoom="false" showFullScreen="true" showPersonalization="false"
					title="{MainModel>/Data15}">
					<chart:content>
						<chart:ChartContainerContent icon="sap-icon://line-chart" title="Chart">
							<chart:content>
								<viz:VizFrame class="gridClass" height="270px" width="auto" id="id_viz_work_donut" uiConfig="{applicationSet:'fiori'}" vizType='donut'>
									<viz:dataset>
										<viz.data:FlattenedDataset data="{MainModel>/NavHeadertoItem7/results}">
											<viz.data:dimensions>
												<viz.data:DimensionDefinition name="Item" value="{MainModel>Component}"/>
											</viz.data:dimensions>
											<viz.data:measures>
												<viz.data:MeasureDefinition name="Values" value="{MainModel>Data1}"/>
											</viz.data:measures>
										</viz.data:FlattenedDataset>
									</viz:dataset>
									<viz:feeds>
										<viz.feeds:FeedItem uid="size" type="Measure" values="Values"/>
										<viz.feeds:FeedItem uid="color" type="Dimension" values="Item"/>
									</viz:feeds>
								</viz:VizFrame>
							</chart:content>
						</chart:ChartContainerContent>
						<chart:ChartContainerContent icon="sap-icon://table-view" title="Table">
							<chart:content>
								<ui:Table rows="{MainModel>/NavHeadertoItem7/results}" visibleRowCount="6" selectionMode="None" enableSelectAll="false"
									ariaLabelledBy="title">
									<ui:columns>
										<ui:Column width="auto">
											<Label text="Item"/>
											<ui:template>
												<Text text="{MainModel>Component}"/>
											</ui:template>
										</ui:Column>
										<ui:Column width="auto">
											<grid:CSSGrid>
												<Label textAlign="Center" text="Actual"/>
											</grid:CSSGrid>
											<ui:template>
												<grid:CSSGrid>
													<Text textAlign="Right" text="{path:'MainModel>Data1',formatter:'.onAmountFormat'}"/>
												</grid:CSSGrid>
											</ui:template>
										</ui:Column>
									</ui:columns>
								</ui:Table>
							</chart:content>
						</chart:ChartContainerContent>
					</chart:content>
					<chart:customIcons>
						<core:Icon src="sap-icon://excel-attachment" tooltip="Export" app:revenueCustomData="WF_NAT" press="onExport"/>
					</chart:customIcons>
				</chart:ChartContainer>
				<viz:Popover id="id_popover_work_donut"/>
				<layoutData>
					<l:GridData span="XL3 L3 M3 S12"/>
				</layoutData>
			</Panel>
			<Panel class="sapUiNoContentPadding panelClass" height="350px">
				<chart:ChartContainer class="class-chartcontainer" showZoom="false" autoAdjustHeight="false" showFullScreen="true"
					showPersonalization="false" title="{MainModel>/Data7}">
					<!--SAUDI BY GRADE-->
					<chart:content>
						<chart:ChartContainerContent icon="sap-icon://line-chart" title="Chart">
							<chart:content>
								<viz:VizFrame class="gridClass" height="300px" width="auto" id="viz_saudis_by_grade" uiConfig="{applicationSet:'fiori'}" vizType='bar'>
									<viz:dataset>
										<viz.data:FlattenedDataset data="{MainModel>/NavHeadertoItem3/results}">
											<viz.data:dimensions>
												<viz.data:DimensionDefinition name="Key5" value="{MainModel>Component}"/>
												<viz.data:DimensionDefinition name="Item" value="{MainModel>CostElement}"/>
											</viz.data:dimensions>
											<viz.data:measures>
												<viz.data:MeasureDefinition name="Values" value="{MainModel>PlanVal}"/>
											</viz.data:measures>
										</viz.data:FlattenedDataset>
									</viz:dataset>
									<viz:feeds>
										<!--<viz.feeds:FeedItem uid="waterfallType" type="Dimension" values="Key5"/>-->
										<viz.feeds:FeedItem uid="color" type="Dimension" values="Key5"/>
										<viz.feeds:FeedItem uid="valueAxis" type="Measure" values="Values"/>
										<viz.feeds:FeedItem uid="categoryAxis" type="Dimension" values="Item"/>
									</viz:feeds>
								</viz:VizFrame>
							</chart:content>
						</chart:ChartContainerContent>
						<chart:ChartContainerContent icon="sap-icon://table-view" title="Table">
							<chart:content>
								<ui:Table rows="{/Items}" id="id_tab_saudis_by_grade" visibleRowCount="6" selectionMode="None" enableSelectAll="false"
									ariaLabelledBy="title">
									<ui:columns>
										<ui:Column width="auto">
											<Label text="Item"/>
											<ui:template>
												<Text text="{Item}"/>
											</ui:template>
										</ui:Column>
										<ui:Column width="auto">
											<grid:CSSGrid>
												<Label textAlign="Center" text="Actual"/>
											</grid:CSSGrid>
											<ui:template>
												<grid:CSSGrid>
													<Text textAlign="Right" text="{path:'Data1',formatter:'.onAmountFormat'}"/>
												</grid:CSSGrid>
											</ui:template>
										</ui:Column>
										<ui:Column width="auto">
											<grid:CSSGrid>
												<Label textAlign="Center" text="Plan"/>
											</grid:CSSGrid>
											<ui:template>
												<grid:CSSGrid>
													<Text textAlign="Right" text="{path:'Data2',formatter:'.onAmountFormat'}"/>
												</grid:CSSGrid>
											</ui:template>
										</ui:Column>
										<ui:Column width="auto">
											<grid:CSSGrid>
												<Label textAlign="Center" text="Variance"/>
											</grid:CSSGrid>
											<ui:template>
												<grid:CSSGrid>
													<Text textAlign="Right" text="{path:'Data4',formatter:'.onAmountFormatVar'}"/>
												</grid:CSSGrid>
											</ui:template>
										</ui:Column>
										<ui:Column width="auto">
											<grid:CSSGrid>
												<Label textAlign="Center" text="Variance (%)"/>
											</grid:CSSGrid>
											<ui:template>
												<grid:CSSGrid>
													<ObjectNumber number="{path:'Data3',formatter:'.onAmountFormatVar'}" state="{path:'Data3',formatter:'.getColor'}"/>
												</grid:CSSGrid>
											</ui:template>
										</ui:Column>
									</ui:columns>
								</ui:Table>
							</chart:content>
						</chart:ChartContainerContent>
					</chart:content>
					<chart:customIcons>
						<core:Icon src="sap-icon://excel-attachment" tooltip="Export" app:finCustomData="WF_SA_GRADE" press="onExport"/>
					</chart:customIcons>
				</chart:ChartContainer>
				<viz:Popover id="id_popover_saudis_by_grade"/>
				<layoutData>
					<l:GridData span="XL3 L3 M3 S12"/>
				</layoutData>
			</Panel>
			<Panel class="sapUiNoContentPadding panelClass" height="350px">
				<chart:ChartContainer class="class-chartcontainer" showZoom="false" autoAdjustHeight="false" showFullScreen="true"
					showPersonalization="false" title="{MainModel>/Data8}">
					<!--EXPAT BY GRADE-->
					<chart:content>
						<chart:ChartContainerContent icon="sap-icon://line-chart" title="Chart">
							<chart:content>
								<viz:VizFrame class="gridClass" height="300px" width="auto" id="viz_expat_by_grade" uiConfig="{applicationSet:'fiori'}" vizType='bar'>
									<viz:dataset>
										<viz.data:FlattenedDataset data="{MainModel>/NavHeadertoItem4/results}">
											<viz.data:dimensions>
												<viz.data:DimensionDefinition name="Key5" value="{MainModel>Component}"/>
												<viz.data:DimensionDefinition name="Item" value="{MainModel>CostElement}"/>
											</viz.data:dimensions>
											<viz.data:measures>
												<viz.data:MeasureDefinition name="Values" value="{MainModel>Actual}"/>
											</viz.data:measures>
										</viz.data:FlattenedDataset>
									</viz:dataset>
									<viz:feeds>
										<!--<viz.feeds:FeedItem uid="waterfallType" type="Dimension" values="Key5"/>-->
										<viz.feeds:FeedItem uid="color" type="Dimension" values="Key5"/>
										<viz.feeds:FeedItem uid="valueAxis" type="Measure" values="Values"/>
										<viz.feeds:FeedItem uid="categoryAxis" type="Dimension" values="Item"/>
									</viz:feeds>
								</viz:VizFrame>
							</chart:content>
						</chart:ChartContainerContent>
						<chart:ChartContainerContent icon="sap-icon://table-view" title="Table">
							<chart:content>
								<ui:Table rows="{/Items}" id="id_tab_expat_by_grade" visibleRowCount="6" selectionMode="None" enableSelectAll="false" ariaLabelledBy="title">
									<ui:columns>
										<ui:Column width="auto">
											<Label text="Item"/>
											<ui:template>
												<Text text="{Item}"/>
											</ui:template>
										</ui:Column>
										<ui:Column width="auto">
											<grid:CSSGrid>
												<Label textAlign="Center" text="Actual"/>
											</grid:CSSGrid>
											<ui:template>
												<grid:CSSGrid>
													<Text textAlign="Right" text="{path:'Data1',formatter:'.onAmountFormat'}"/>
												</grid:CSSGrid>
											</ui:template>
										</ui:Column>
										<ui:Column width="auto">
											<grid:CSSGrid>
												<Label textAlign="Center" text="Plan"/>
											</grid:CSSGrid>
											<ui:template>
												<grid:CSSGrid>
													<Text textAlign="Right" text="{path:'Data2',formatter:'.onAmountFormat'}"/>
												</grid:CSSGrid>
											</ui:template>
										</ui:Column>
										<ui:Column width="auto">
											<grid:CSSGrid>
												<Label textAlign="Center" text="Variance"/>
											</grid:CSSGrid>
											<ui:template>
												<grid:CSSGrid>
													<Text textAlign="Right" text="{path:'Data4',formatter:'.onAmountFormatVar'}"/>
												</grid:CSSGrid>
											</ui:template>
										</ui:Column>
										<ui:Column width="auto">
											<grid:CSSGrid>
												<Label textAlign="Center" text="Variance (%)"/>
											</grid:CSSGrid>
											<ui:template>
												<grid:CSSGrid>
													<ObjectNumber number="{path:'Data3',formatter:'.onAmountFormatVar'}" state="{path:'Data3',formatter:'.getColor'}"/>
												</grid:CSSGrid>
											</ui:template>
										</ui:Column>
									</ui:columns>
								</ui:Table>
							</chart:content>
						</chart:ChartContainerContent>
					</chart:content>
					<chart:customIcons>
						<core:Icon src="sap-icon://excel-attachment" tooltip="Export" app:finCustomData="WF_EXPAT_GRADE" press="onExport"/>
					</chart:customIcons>
				</chart:ChartContainer>
				<viz:Popover id="id_popover_expat_by_grade"/>
				<layoutData>
					<l:GridData span="XL3 L3 M3 S12"/>
				</layoutData>
			</Panel>
			<Panel class="sapUiNoContentPadding panelClass" height="350px">
				<chart:ChartContainer class="class-chartcontainer" showZoom="false" autoAdjustHeight="false" showFullScreen="true"
					showPersonalization="false" title="{MainModel>/Data9}">
					<!--SAUDIS BY GRADE(SMP)-->
					<chart:content>
						<chart:ChartContainerContent icon="sap-icon://line-chart" title="Chart">
							<chart:content>
								<viz:VizFrame class="gridClass" height="300px" width="auto" id="viz_smp_saudi_by_grade" uiConfig="{applicationSet:'fiori'}" vizType='bar'>
									<viz:dataset>
										<viz.data:FlattenedDataset data="{MainModel>/NavHeadertoItem5/results}">
											<viz.data:dimensions>
												<viz.data:DimensionDefinition name="Key5" value="{MainModel>Catagory}"/>
												<viz.data:DimensionDefinition name="Item" value="{MainModel>Node}"/>
											</viz.data:dimensions>
											<viz.data:measures>
												<viz.data:MeasureDefinition name="Values" value="{MainModel>Value}"/>
											</viz.data:measures>
										</viz.data:FlattenedDataset>
									</viz:dataset>
									<viz:feeds>
										<!--<viz.feeds:FeedItem uid="waterfallType" type="Dimension" values="Key5"/>-->
										<viz.feeds:FeedItem uid="color" type="Dimension" values="Key5"/>
										<viz.feeds:FeedItem uid="valueAxis" type="Measure" values="Values"/>
										<viz.feeds:FeedItem uid="categoryAxis" type="Dimension" values="Item"/>
									</viz:feeds>
								</viz:VizFrame>
							</chart:content>
						</chart:ChartContainerContent>
						<chart:ChartContainerContent icon="sap-icon://table-view" title="Table">
							<chart:content>
								<ui:Table rows="{/Items}" id="id_tab_smp_saudi_by_grade" visibleRowCount="6" selectionMode="None" enableSelectAll="false"
									ariaLabelledBy="title">
									<ui:columns>
										<ui:Column width="auto">
											<Label text="Item"/>
											<ui:template>
												<Text text="{Item}"/>
											</ui:template>
										</ui:Column>
										<ui:Column width="auto">
											<grid:CSSGrid>
												<Label textAlign="Center" text="Actual"/>
											</grid:CSSGrid>
											<ui:template>
												<grid:CSSGrid>
													<Text textAlign="Right" text="{path:'Data1',formatter:'.onAmountFormat'}"/>
												</grid:CSSGrid>
											</ui:template>
										</ui:Column>
										<ui:Column width="auto">
											<grid:CSSGrid>
												<Label textAlign="Center" text="Plan"/>
											</grid:CSSGrid>
											<ui:template>
												<grid:CSSGrid>
													<Text textAlign="Right" text="{path:'Data2',formatter:'.onAmountFormat'}"/>
												</grid:CSSGrid>
											</ui:template>
										</ui:Column>
										<ui:Column width="auto">
											<grid:CSSGrid>
												<Label textAlign="Center" text="Variance"/>
											</grid:CSSGrid>
											<ui:template>
												<grid:CSSGrid>
													<Text textAlign="Right" text="{path:'Data4',formatter:'.onAmountFormatVar'}"/>
												</grid:CSSGrid>
											</ui:template>
										</ui:Column>
										<ui:Column width="auto">
											<grid:CSSGrid>
												<Label textAlign="Center" text="Variance (%)"/>
											</grid:CSSGrid>
											<ui:template>
												<grid:CSSGrid>
													<ObjectNumber number="{path:'Data3',formatter:'.onAmountFormatVar'}" state="{path:'Data3',formatter:'.getColor'}"/>
												</grid:CSSGrid>
											</ui:template>
										</ui:Column>
									</ui:columns>
								</ui:Table>
							</chart:content>
						</chart:ChartContainerContent>
					</chart:content>
					<chart:customIcons>
						<core:Icon src="sap-icon://excel-attachment" tooltip="Export" app:finCustomData="WF_SMP_SA_GRADE" press="onExport"/>
					</chart:customIcons>
				</chart:ChartContainer>
				<viz:Popover id="id_popover_smp_saudi_by_grade"/>
				<layoutData>
					<l:GridData span="XL3 L3 M3 S12"/>
				</layoutData>
			</Panel>
			<Panel class="sapUiNoContentPadding panelClass" height="350px">
				<chart:ChartContainer class="class-chartcontainer" showZoom="false" autoAdjustHeight="false" showFullScreen="true"
					showPersonalization="false" title="{MainModel>/Data10}">
					<!--EXPAT BY GRADE(SMP)-->
					<chart:content>
						<chart:ChartContainerContent icon="sap-icon://line-chart" title="Chart">
							<chart:content>
								<viz:VizFrame class="gridClass" height="300px" width="auto" id="viz_smp_expat_by_grade" uiConfig="{applicationSet:'fiori'}" vizType='bar'>
									<viz:dataset>
										<viz.data:FlattenedDataset data="{MainModel>/NavHeadertoItem6/results}">
											<viz.data:dimensions>
												<viz.data:DimensionDefinition name="Key5" value="{MainModel>Catagory}"/>
												<viz.data:DimensionDefinition name="Item" value="{MainModel>Node}"/>
											</viz.data:dimensions>
											<viz.data:measures>
												<viz.data:MeasureDefinition name="Values" value="{MainModel>Value}"/>
											</viz.data:measures>
										</viz.data:FlattenedDataset>
									</viz:dataset>
									<viz:feeds>
										<!--<viz.feeds:FeedItem uid="waterfallType" type="Dimension" values="Key5"/>-->
										<viz.feeds:FeedItem uid="color" type="Dimension" values="Key5"/>
										<viz.feeds:FeedItem uid="valueAxis" type="Measure" values="Values"/>
										<viz.feeds:FeedItem uid="categoryAxis" type="Dimension" values="Item"/>
									</viz:feeds>
								</viz:VizFrame>
							</chart:content>
						</chart:ChartContainerContent>
						<chart:ChartContainerContent icon="sap-icon://table-view" title="Table">
							<chart:content>
								<ui:Table rows="{/Items}" id="id_tab_smp_expat_by_grade" visibleRowCount="6" selectionMode="None" enableSelectAll="false"
									ariaLabelledBy="title">
									<ui:columns>
										<ui:Column width="auto">
											<Label text="Item"/>
											<ui:template>
												<Text text="{Item}"/>
											</ui:template>
										</ui:Column>
										<ui:Column width="auto">
											<grid:CSSGrid>
												<Label textAlign="Center" text="Actual"/>
											</grid:CSSGrid>
											<ui:template>
												<grid:CSSGrid>
													<Text textAlign="Right" text="{path:'Data1',formatter:'.onAmountFormat'}"/>
												</grid:CSSGrid>
											</ui:template>
										</ui:Column>
										<ui:Column width="auto">
											<grid:CSSGrid>
												<Label textAlign="Center" text="Plan"/>
											</grid:CSSGrid>
											<ui:template>
												<grid:CSSGrid>
													<Text textAlign="Right" text="{path:'Data2',formatter:'.onAmountFormat'}"/>
												</grid:CSSGrid>
											</ui:template>
										</ui:Column>
										<ui:Column width="auto">
											<grid:CSSGrid>
												<Label textAlign="Center" text="Variance"/>
											</grid:CSSGrid>
											<ui:template>
												<grid:CSSGrid>
													<Text textAlign="Right" text="{path:'Data4',formatter:'.onAmountFormatVar'}"/>
												</grid:CSSGrid>
											</ui:template>
										</ui:Column>
										<ui:Column width="auto">
											<grid:CSSGrid>
												<Label textAlign="Center" text="Variance (%)"/>
											</grid:CSSGrid>
											<ui:template>
												<grid:CSSGrid>
													<ObjectNumber number="{path:'Data3',formatter:'.onAmountFormatVar'}" state="{path:'Data3',formatter:'.getColor'}"/>
												</grid:CSSGrid>
											</ui:template>
										</ui:Column>
									</ui:columns>
								</ui:Table>
							</chart:content>
						</chart:ChartContainerContent>
					</chart:content>
					<chart:customIcons>
						<core:Icon src="sap-icon://excel-attachment" tooltip="Export" app:finCustomData="WF_SMP_EXPAT_GRADE" press="onExport"/>
					</chart:customIcons>
				</chart:ChartContainer>
				<viz:Popover id="id_popover_smp_expat"/>
				<layoutData>
					<l:GridData span="XL3 L3 M3 S12"/>
				</layoutData>
			</Panel>
		</l:content>
	</l:Grid>
</core:FragmentDefinition>